player_id,player_name,team_id,team_name,age,games_played,runs,doubles,triples,home_runs,strikeouts,walks,hits,batting_average,at_bats,obp,slg,ops,stolen_bases,plate_appearances,total_bases,rbi
445276,Kenley Jansen,108,Los Angeles Angels,37,62,0,0,0,0,0,0,0,0.0,0,0.0,0.0,0.0,0,0,0,0
455117,Martín Maldonado,135,San Diego Padres,38,64,11,6,0,4,57,8,30,0.204,147,0.245,0.327,0.572,0,161,48,12
456781,Donovan Solano,140,Texas Rangers,37,71,10,4,1,3,40,8,41,0.247,166,0.291,0.337,0.628,0,179,56,21
457705,Andrew McCutchen,134,Pittsburgh Pirates,38,135,51,22,0,13,118,67,114,0.239,477,0.333,0.367,0.7,1,551,175,57
457759,Justin Turner,112,Chicago Cubs,40,80,14,7,0,3,37,17,37,0.219,169,0.288,0.314,0.602,2,191,53,18
467793,Carlos Santana,112,Chicago Cubs,39,124,49,11,0,11,91,52,91,0.219,415,0.308,0.325,0.633,7,474,135,54
493329,Yuli Gurriel,135,San Diego Padres,41,16,2,1,0,0,8,4,4,0.111,36,0.2,0.139,0.339,0,40,5,3
500743,Miguel Rojas,119,Los Angeles Dodgers,36,114,35,18,0,7,46,24,76,0.262,290,0.318,0.397,0.715,5,317,115,27
502054,Tommy Pham,134,Pittsburgh Pirates,37,120,44,17,1,10,94,50,96,0.245,392,0.33,0.37,0.7,5,449,145,52
502671,Paul Goldschmidt,147,New York Yankees,37,146,76,31,1,10,100,36,134,0.274,489,0.328,0.403,0.731,5,534,197,45
506702,Sandy León,144,Atlanta Braves,36,5,1,0,0,1,4,0,1,0.083,12,0.083,0.333,0.416,0,12,4,3
514888,Jose Altuve,117,Houston Astros,35,155,80,24,1,26,109,55,156,0.265,588,0.329,0.442,0.771,10,654,260,77
516782,Starling Marte,121,New York Mets,36,98,37,14,0,9,68,22,79,0.27,293,0.335,0.41,0.745,7,329,120,34
518595,Travis d'Arnaud,108,Los Angeles Angels,36,69,16,13,0,6,74,13,42,0.197,213,0.255,0.343,0.598,0,231,73,21
518692,Freddie Freeman,119,Los Angeles Dodgers,35,147,81,39,2,24,128,60,164,0.295,556,0.367,0.502,0.869,6,627,279,90
518792,Jason Heyward,135,San Diego Padres,35,34,9,2,0,2,20,6,15,0.176,85,0.223,0.271,0.494,0,95,23,12
518934,DJ LeMahieu,147,New York Yankees,36,45,13,3,0,2,35,14,34,0.266,128,0.338,0.336,0.674,0,142,43,12
519317,Giancarlo Stanton,147,New York Yankees,35,77,36,8,0,24,96,29,68,0.273,249,0.35,0.594,0.944,0,281,148,66
521692,Salvador Perez,118,Kansas City Royals,35,155,54,35,0,30,125,28,141,0.236,597,0.284,0.446,0.73,0,641,266,100
527038,Wilmer Flores,137,San Francisco Giants,33,125,44,10,0,16,88,34,101,0.241,419,0.307,0.379,0.686,1,463,159,71
542303,Marcell Ozuna,144,Atlanta Braves,34,145,61,19,0,21,144,94,113,0.232,487,0.355,0.4,0.755,0,592,195,68
542888,Shawn Armstrong,140,Texas Rangers,34,71,0,0,0,0,0,0,0,0.0,0,0.0,0.0,0.0,0,0,0,0
542932,Jon Berti,112,Chicago Cubs,35,53,12,2,0,0,22,5,21,0.21,100,0.262,0.23,0.492,11,107,23,2
542963,Rob Brantly,146,Miami Marlins,35,3,0,0,0,0,1,0,3,0.429,7,0.429,0.429,0.858,0,7,3,1
543309,Kyle Higashioka,140,Texas Rangers,35,94,33,14,1,11,72,20,73,0.241,303,0.291,0.403,0.694,3,327,122,47
543510,James McCann,109,Arizona Diamondbacks,35,42,18,6,0,5,33,8,32,0.26,123,0.324,0.431,0.755,0,137,53,17
543592,Austin Nola,115,Colorado Rockies,35,15,2,1,0,0,5,2,7,0.184,38,0.225,0.211,0.436,0,41,8,1
543760,Marcus Semien,140,Texas Rangers,34,127,62,16,1,15,93,50,108,0.23,470,0.305,0.364,0.669,11,534,171,62
543807,George Springer,141,Toronto Blue Jays,35,140,106,27,1,32,111,69,154,0.309,498,0.399,0.56,0.959,18,586,279,84
543877,Christian Vázquez,142,Minnesota Twins,34,65,14,7,0,3,35,18,36,0.189,190,0.271,0.274,0.545,1,214,52,14
545121,Ildemaro Vargas,109,Arizona Diamondbacks,33,38,12,2,1,3,15,2,31,0.27,115,0.292,0.383,0.675,0,121,44,19
545341,Randal Grichuk,118,Kansas City Royals,33,113,35,18,1,9,61,17,62,0.228,272,0.273,0.401,0.674,0,293,109,27
545361,Mike Trout,108,Los Angeles Angels,33,130,73,14,1,26,178,87,106,0.232,456,0.359,0.439,0.798,2,556,200,64
547180,Bryce Harper,143,Philadelphia Phillies,32,132,72,32,0,27,121,70,131,0.261,501,0.357,0.487,0.844,12,580,244,75
547184,Michael Kelly,133,Athletics,32,42,0,0,0,0,0,0,0,0.0,0,0.0,0.0,0.0,0,0,0,0
547973,Aroldis Chapman,111,Boston Red Sox,37,67,0,0,0,0,0,0,0,0.0,0,0.0,0.0,0.0,0,0,0,0
552640,Andrew Kittredge,110,Baltimore Orioles,35,31,0,0,0,0,0,0,0,0.0,0,0.0,0.0,0.0,0,0,0,0
553869,Elias Díaz,135,San Diego Padres,34,106,34,7,0,9,74,21,52,0.204,255,0.27,0.337,0.607,0,283,86,29
553882,Omar Narváez,145,Chicago White Sox,33,4,1,0,0,0,1,2,2,0.286,7,0.4,0.286,0.686,0,10,2,3
553993,Eugenio Suárez,136,Seattle Mariners,33,159,91,28,0,49,196,46,134,0.228,588,0.298,0.526,0.824,4,657,309,118
554340,Yimi García,141,Toronto Blue Jays,34,22,0,0,0,0,0,0,0,0.0,0,0.0,0.0,0.0,0,0,0,0
554431,Tyler Matzek,147,New York Yankees,34,7,0,0,0,0,0,0,0,0.0,0,0.0,0.0,0.0,0,0,0,0
570482,Gio Urshela,133,Athletics,33,59,10,14,1,0,40,13,43,0.238,181,0.287,0.326,0.613,0,197,59,20
571448,Nolan Arenado,138,St. Louis Cardinals,34,107,48,18,1,12,49,28,95,0.237,401,0.289,0.377,0.666,3,436,151,52
571466,Tucker Barnhart,140,Texas Rangers,34,8,0,0,0,0,4,1,3,0.231,13,0.333,0.231,0.564,0,15,3,0
571657,Kyle Farmer,115,Colorado Rockies,34,97,24,14,0,8,66,17,63,0.227,277,0.28,0.365,0.645,0,300,101,31
571771,Enrique Hernández,119,Los Angeles Dodgers,33,93,30,8,0,10,68,18,47,0.203,232,0.255,0.366,0.621,0,256,85,35
571912,Luke Maile,118,Kansas City Royals,34,25,6,2,0,1,16,7,11,0.244,45,0.346,0.356,0.702,1,54,16,6
571946,Shelby Miller,109,Arizona Diamondbacks,34,37,0,0,0,0,0,0,0,0.0,0,0.0,0.0,0.0,0,0,0,0
571948,Hoby Milner,140,Texas Rangers,34,73,0,0,0,0,0,0,0,0.0,0,0.0,0.0,0.0,0,0,0,0
571970,Max Muncy,119,Los Angeles Dodgers,34,100,48,10,2,19,83,64,76,0.243,313,0.376,0.47,0.846,4,388,147,67
572138,Jon Singleton,117,Houston Astros,33,3,0,0,0,0,1,0,1,0.111,9,0.111,0.111,0.222,0,9,1,0
572191,Michael A. Taylor,145,Chicago White Sox,34,134,33,20,1,9,110,23,59,0.2,295,0.259,0.366,0.625,8,325,108,35
572233,Christian Walker,117,Houston Astros,34,154,72,24,1,27,177,40,139,0.238,585,0.297,0.421,0.718,2,640,246,88
573009,Joe Mantiply,109,Arizona Diamondbacks,34,10,0,0,0,0,0,0,0,0.0,0,0.0,0.0,0.0,0,0,0,0
573262,Mike Yastrzemski,118,Kansas City Royals,34,147,68,28,1,17,108,72,111,0.233,477,0.333,0.403,0.736,7,558,192,46
575929,Willson Contreras,138,St. Louis Cardinals,33,135,70,31,1,20,142,44,126,0.257,490,0.344,0.447,0.791,5,563,219,80
578428,Jose Iglesias,135,San Diego Padres,35,112,29,11,0,3,56,24,70,0.229,306,0.298,0.294,0.592,5,343,90,36
592178,Kris Bryant,115,Colorado Rockies,33,11,2,2,0,0,13,2,6,0.154,39,0.195,0.205,0.4,0,41,8,1
592192,Mark Canha,118,Kansas City Royals,36,46,9,3,0,1,24,7,24,0.212,113,0.272,0.265,0.537,0,125,30,6
592206,Nick Castellanos,143,Philadelphia Phillies,33,147,72,27,2,17,133,32,137,0.25,547,0.294,0.4,0.694,4,589,219,72
592450,Aaron Judge,147,New York Yankees,33,152,137,30,2,53,160,124,179,0.331,541,0.457,0.688,1.145,12,679,372,114
592454,Tommy Kahnle,116,Detroit Tigers,35,66,0,0,0,0,0,0,0,0.0,0,0.0,0.0,0.0,0,0,0,0
592518,Manny Machado,135,San Diego Padres,32,159,91,33,0,27,131,55,169,0.275,615,0.335,0.46,0.795,14,678,283,95
592626,Joc Pederson,140,Texas Rangers,33,96,28,10,1,9,65,34,48,0.181,265,0.285,0.328,0.613,2,306,87,26
592663,J.T. Realmuto,143,Philadelphia Phillies,34,134,57,26,1,12,129,35,129,0.257,502,0.315,0.384,0.699,8,550,193,52
592669,Hunter Renfroe,118,Kansas City Royals,33,35,5,6,0,0,21,8,18,0.182,99,0.241,0.242,0.483,0,108,24,4
592696,Eddie Rosario,144,Atlanta Braves,33,5,1,0,0,0,2,0,1,0.125,8,0.125,0.125,0.25,0,8,1,0
592773,Ryne Stanek,121,New York Mets,33,65,0,0,0,0,0,0,0,0.0,0,0.0,0.0,0.0,0,0,0,0
592885,Christian Yelich,158,Milwaukee Brewers,33,150,88,21,0,29,167,64,151,0.264,573,0.343,0.452,0.795,16,644,259,103
593428,Xander Bogaerts,135,San Diego Padres,32,136,63,30,0,11,94,48,129,0.263,491,0.328,0.391,0.719,20,552,192,53
593871,Jorge Polanco,136,Seattle Mariners,31,138,64,30,0,26,82,42,125,0.265,471,0.326,0.495,0.821,6,524,233,78
595453,Chad Wallach,108,Los Angeles Angels,33,1,0,0,0,0,0,0,0,0.0,0,0.0,0.0,0.0,0,0,0,0
595751,Jorge Alfaro,120,Washington Nationals,32,14,3,2,0,0,14,0,10,0.256,39,0.256,0.308,0.564,1,39,12,3
595777,Jurickson Profar,144,Atlanta Braves,32,80,56,16,1,14,59,48,78,0.245,318,0.353,0.434,0.787,9,371,138,43
595879,Javier Báez,116,Detroit Tigers,32,126,55,17,3,12,109,10,107,0.257,417,0.282,0.398,0.68,5,437,166,57
595928,John Curtiss,109,Arizona Diamondbacks,32,30,0,0,0,0,0,0,0,0.0,0,0.0,0.0,0.0,0,0,0,0
595978,Austin Hedges,114,Cleveland Guardians,32,70,13,3,0,5,43,18,25,0.161,155,0.25,0.277,0.527,1,180,43,10
596019,Francisco Lindor,121,New York Mets,31,160,117,35,0,31,131,65,172,0.267,644,0.346,0.466,0.812,31,732,300,86
596103,Austin Slater,147,New York Yankees,32,65,22,6,1,5,51,11,32,0.216,148,0.27,0.372,0.642,1,160,55,13
596115,Trevor Story,111,Boston Red Sox,32,157,91,29,0,25,176,33,161,0.263,612,0.308,0.433,0.741,31,654,265,96
596117,Garrett Stubbs,143,Philadelphia Phillies,32,5,2,0,0,0,0,0,0,0.0,1,0.0,0.0,0.0,0,1,0,0
596142,Gary Sánchez,110,Baltimore Orioles,32,30,13,2,0,5,27,4,21,0.231,91,0.297,0.418,0.715,0,101,38,24
596146,Max Kepler,143,Philadelphia Phillies,32,127,58,19,0,18,93,48,90,0.216,417,0.3,0.391,0.691,3,474,163,52
600869,Jeimer Candelario,113,Cincinnati Reds,31,22,3,2,0,2,29,9,9,0.113,80,0.198,0.213,0.411,0,91,17,10
602104,Ramón Urías,117,Houston Astros,31,112,33,17,0,11,88,27,85,0.241,352,0.292,0.384,0.676,3,391,135,44
605113,Nick Ahmed,140,Texas Rangers,35,5,1,0,0,0,3,1,0,0.0,9,0.1,0.0,0.1,1,10,0,0
605131,Austin Barnes,119,Los Angeles Dodgers,35,13,4,3,0,0,14,1,9,0.214,42,0.233,0.286,0.519,0,44,12,2
605137,Josh Bell,120,Washington Nationals,32,140,54,16,1,22,88,57,111,0.237,468,0.325,0.417,0.742,0,533,195,63
605141,Mookie Betts,119,Los Angeles Dodgers,32,150,95,23,2,20,68,61,152,0.258,589,0.326,0.406,0.732,8,663,239,82
605154,John Brebbia,116,Detroit Tigers,35,19,0,0,0,0,0,0,0,0.0,0,0.0,0.0,0.0,0,0,0,0
605170,Victor Caratini,117,Houston Astros,31,114,35,14,0,12,65,23,89,0.259,344,0.324,0.404,0.728,1,386,139,46
605204,J.D. Davis,108,Los Angeles Angels,32,5,0,0,0,0,3,0,1,0.111,9,0.111,0.111,0.222,0,9,1,0
605244,Aramis Garcia,109,Arizona Diamondbacks,32,2,0,0,0,0,3,0,0,0.0,4,0.0,0.0,0.0,0,4,0,0
605353,Vimael Machín,110,Baltimore Orioles,31,4,1,0,0,1,2,1,1,0.091,11,0.167,0.364,0.531,0,12,4,1
605361,Nick Martini,115,Colorado Rockies,35,43,9,4,0,1,18,9,23,0.225,102,0.288,0.294,0.582,0,111,30,4
606115,Orlando Arcia,115,Colorado Rockies,30,76,13,7,1,3,47,10,41,0.202,203,0.238,0.291,0.529,0,214,59,13
606192,Teoscar Hernández,119,Los Angeles Dodgers,32,134,65,29,1,25,134,26,126,0.247,511,0.284,0.454,0.738,5,546,232,89
606466,Ketel Marte,109,Arizona Diamondbacks,31,126,87,28,0,28,83,64,136,0.283,480,0.376,0.517,0.893,4,556,248,72
606992,Eric Haase,158,Milwaukee Brewers,32,30,11,3,0,2,31,4,16,0.229,70,0.289,0.357,0.646,0,77,25,9
607043,Brandon Nimmo,121,New York Mets,32,155,81,27,0,25,141,50,154,0.262,587,0.324,0.436,0.76,13,652,256,92
607067,Colin Rea,112,Chicago Cubs,34,32,0,0,0,0,1,0,0,0.0,1,0.0,0.0,0.0,0,1,0,0
607208,Trea Turner,143,Philadelphia Phillies,32,141,94,31,7,15,107,43,179,0.304,589,0.355,0.457,0.812,36,639,269,69
607455,Anthony Banda,119,Los Angeles Dodgers,31,71,0,0,0,0,0,0,0,0.0,0,0.0,0.0,0.0,0,0,0,0
607680,Kevin Pillar,140,Texas Rangers,36,20,6,2,0,0,8,0,9,0.209,43,0.209,0.256,0.465,3,43,11,1
607732,Jacob Stallings,110,Baltimore Orioles,35,43,5,4,0,0,40,6,16,0.134,119,0.195,0.168,0.363,0,129,20,9
608032,Carlos Estévez,118,Kansas City Royals,32,67,0,0,0,0,0,0,0,0.0,0,0.0,0.0,0.0,0,0,0,0
608070,José Ramírez,114,Cleveland Guardians,32,158,103,34,3,30,74,66,168,0.283,593,0.36,0.503,0.863,44,673,298,85
608324,Alex Bregman,111,Boston Red Sox,31,114,64,28,0,18,70,51,118,0.273,433,0.36,0.462,0.822,1,495,200,62
608348,Carson Kelly,112,Chicago Cubs,30,111,48,13,1,17,80,45,92,0.249,369,0.333,0.428,0.761,2,421,158,50
608369,Corey Seager,140,Texas Rangers,31,102,61,19,0,21,87,58,103,0.271,380,0.373,0.487,0.86,3,445,185,50
608385,Jesse Winker,121,New York Mets,31,26,8,5,2,1,21,9,16,0.229,70,0.309,0.4,0.709,1,81,28,10
608650,Dietrich Enns,110,Baltimore Orioles,34,17,0,0,0,0,0,0,0,0.0,0,0.0,0.0,0.0,0,0,0,0
608671,Travis Jankowski,121,New York Mets,34,26,8,2,0,0,12,3,11,0.244,45,0.286,0.289,0.575,2,50,13,2
608701,Rob Refsnyder,111,Boston Red Sox,34,70,29,12,0,9,54,24,49,0.269,182,0.354,0.484,0.838,3,209,88,30
609280,Miguel Andujar,113,Cincinnati Reds,30,94,36,17,1,10,49,17,102,0.318,321,0.352,0.47,0.822,1,341,151,44
620443,Luis Torrens,121,New York Mets,29,93,20,14,1,5,56,19,59,0.226,261,0.284,0.345,0.629,1,283,90,29
620454,José Castillo,136,Seattle Mariners,29,3,0,0,0,0,0,0,0,0.0,0,0.0,0.0,0.0,0,0,0,0
621020,Dansby Swanson,112,Chicago Cubs,31,159,84,24,3,24,168,47,144,0.244,590,0.3,0.417,0.717,20,645,246,77
621028,Kevin Newman,108,Los Angeles Angels,31,57,13,2,0,2,23,1,23,0.202,114,0.209,0.272,0.481,1,116,31,11
621035,Chris Taylor,108,Los Angeles Angels,34,58,15,7,0,2,42,5,21,0.186,113,0.256,0.301,0.557,2,125,34,12
621043,Carlos Correa,117,Houston Astros,30,144,63,29,0,13,113,45,148,0.276,537,0.332,0.402,0.734,0,584,216,52
621053,Tyler Ferguson,133,Athletics,31,56,0,0,0,0,0,0,0,0.0,0,0.0,0.0,0.0,0,0,0,0
621199,Matt Bowman,110,Baltimore Orioles,34,20,0,0,0,0,0,0,0,0.0,0,0.0,0.0,0.0,0,0,0,0
621242,Edwin Díaz,121,New York Mets,31,62,0,0,0,0,0,0,0,0.0,0,0.0,0.0,0.0,0,0,0,0
621438,Tyrone Taylor,121,New York Mets,31,113,34,18,3,2,76,16,69,0.223,310,0.279,0.319,0.598,12,341,99,27
621439,Byron Buxton,142,Minnesota Twins,31,126,97,21,7,35,148,41,129,0.264,488,0.327,0.551,0.878,24,542,269,83
621493,Taylor Ward,108,Los Angeles Angels,31,157,86,31,2,36,175,75,132,0.228,579,0.317,0.475,0.792,4,663,275,103
621512,Tomás Nido,116,Detroit Tigers,31,11,4,0,0,0,10,0,12,0.343,35,0.361,0.343,0.704,0,37,12,2
621566,Matt Olson,144,Atlanta Braves,31,162,98,41,2,29,176,91,170,0.272,624,0.366,0.484,0.85,1,724,302,95
622268,Donovan Walton,143,Philadelphia Phillies,31,2,1,0,0,0,1,0,1,0.125,8,0.125,0.125,0.25,0,9,1,1
622534,Manuel Margot,116,Detroit Tigers,30,6,1,0,0,0,6,0,6,0.316,19,0.3,0.316,0.616,0,20,6,3
622554,Seranthony Domínguez,110,Baltimore Orioles,30,43,0,0,0,0,0,0,0,0.0,0,0.0,0.0,0.0,0,0,0,0
622569,Pablo Reyes,147,New York Yankees,31,25,4,1,0,0,10,2,6,0.194,31,0.242,0.226,0.468,1,34,7,2
622761,Jorge Mateo,110,Baltimore Orioles,30,43,9,4,0,1,30,4,14,0.177,79,0.217,0.266,0.483,15,83,21,3
623168,Tyler Heineman,141,Toronto Blue Jays,34,64,25,8,1,3,31,12,43,0.289,149,0.361,0.416,0.777,2,174,62,20
623352,Josh Hader,117,Houston Astros,31,48,0,0,0,0,0,0,0,0.0,0,0.0,0.0,0.0,0,0,0,0
623993,Anthony Santander,141,Toronto Blue Jays,30,54,16,5,0,6,61,25,34,0.175,194,0.271,0.294,0.565,0,221,57,18
624413,Pete Alonso,121,New York Mets,30,162,87,41,1,38,162,61,170,0.272,624,0.347,0.524,0.871,1,709,327,126
624415,Cavan Biggio,118,Kansas City Royals,30,37,9,2,0,1,21,11,12,0.174,69,0.296,0.246,0.542,1,83,17,4
624424,Michael Conforto,119,Los Angeles Dodgers,32,138,54,20,0,12,121,56,83,0.199,418,0.305,0.333,0.638,1,486,139,36
624428,Adam Frazier,118,Kansas City Royals,33,134,43,20,0,7,81,26,112,0.267,419,0.319,0.365,0.684,8,459,153,44
624431,Jose Trevino,113,Cincinnati Reds,32,94,30,20,0,4,39,15,67,0.238,282,0.272,0.351,0.623,0,302,99,22
624512,Reese McGuire,112,Chicago Cubs,30,45,17,2,0,9,27,4,30,0.226,133,0.245,0.444,0.689,0,140,59,24
624513,Dom Nuñez,114,Cleveland Guardians,30,2,2,0,0,0,4,0,2,0.286,7,0.286,0.286,0.572,0,7,2,0
624585,Jorge Soler,108,Los Angeles Angels,33,82,31,12,0,12,94,28,60,0.215,279,0.293,0.387,0.68,0,315,108,34
624641,Edmundo Sosa,143,Philadelphia Phillies,29,89,30,12,1,11,56,10,67,0.276,243,0.307,0.469,0.776,1,261,114,39
628451,Andy Ibáñez,116,Detroit Tigers,32,91,24,8,0,4,26,12,42,0.239,176,0.301,0.352,0.653,4,193,62,21
630105,Jake Cronenworth,135,San Diego Padres,31,135,61,20,1,11,107,69,103,0.246,419,0.367,0.377,0.744,3,515,158,59
640459,Brian Navarreto,146,Miami Marlins,30,8,3,2,0,1,3,0,4,0.286,14,0.267,0.643,0.91,0,15,9,5
640462,A.J. Puk,109,Arizona Diamondbacks,30,8,0,0,0,0,0,0,0,0.0,0,0.0,0.0,0.0,0,0,0,0
640492,José Azocar,144,Atlanta Braves,29,14,5,0,0,0,1,2,5,0.263,19,0.333,0.263,0.596,1,21,5,1
640902,Jhonny Pereda,142,Minnesota Twins,29,30,4,6,0,0,21,8,17,0.246,69,0.325,0.333,0.658,0,78,23,4
641302,Tyler Alexander,145,Chicago White Sox,30,31,0,0,0,0,0,0,0,0.0,1,0.0,0.0,0.0,0,1,0,0
641313,Tim Anderson,108,Los Angeles Angels,32,31,8,3,0,0,29,3,17,0.205,83,0.258,0.241,0.499,1,90,20,3
641329,Bryan Baker,110,Baltimore Orioles,30,42,0,0,0,0,0,0,0,0.0,0,0.0,0.0,0.0,0,0,0,0
641343,Jake Bauers,158,Milwaukee Brewers,29,86,28,9,0,7,59,32,43,0.235,183,0.353,0.399,0.752,8,218,73,28
641355,Cody Bellinger,147,New York Yankees,29,152,89,25,5,29,90,57,160,0.272,588,0.334,0.48,0.814,13,656,282,98
641487,J.P. Crawford,136,Seattle Mariners,30,157,69,24,0,12,122,74,151,0.265,570,0.352,0.37,0.722,8,654,211,58
641555,J.C. Escarra,147,New York Yankees,30,40,5,5,0,2,14,11,17,0.202,84,0.296,0.333,0.629,1,98,28,11
641584,Jake Fraley,144,Atlanta Braves,30,76,31,9,0,6,49,25,46,0.241,191,0.332,0.382,0.714,4,217,73,23
641598,Mitch Garver,136,Seattle Mariners,34,87,29,5,1,9,80,30,53,0.209,254,0.297,0.343,0.64,3,290,87,30
641645,Luis Guillorme,117,Houston Astros,30,12,2,0,0,0,8,1,3,0.15,20,0.19,0.15,0.34,0,21,3,0
641658,Garrett Hampson,138,St. Louis Cardinals,30,62,19,2,0,0,29,11,11,0.143,77,0.25,0.169,0.419,3,91,13,1
641680,Jonah Heim,140,Texas Rangers,30,124,38,14,0,11,88,32,84,0.213,395,0.271,0.332,0.603,3,433,131,43
641856,Billy McKinney,140,Texas Rangers,30,6,4,1,0,0,1,1,4,0.2,20,0.238,0.25,0.488,0,21,5,1
641857,Ryan McMahon,147,New York Yankees,30,154,62,23,1,20,189,70,109,0.214,509,0.312,0.381,0.693,3,586,194,53
641933,Tyler O'Neill,110,Baltimore Orioles,30,54,22,6,1,9,51,22,36,0.199,181,0.292,0.392,0.684,4,209,71,26
641943,Joshua Palacios,145,Chicago White Sox,29,51,11,4,0,3,36,12,26,0.203,128,0.292,0.305,0.597,0,145,39,9
642020,Chuckie Robinson,119,Los Angeles Dodgers,30,1,1,0,0,0,0,0,0,0.0,1,0.0,0.0,0.0,0,2,0,0
642086,Dominic Smith,137,San Francisco Giants,30,63,26,12,0,5,42,15,58,0.284,204,0.333,0.417,0.75,2,225,85,33
642133,Rowdy Tellez,140,Texas Rangers,30,112,34,11,0,17,83,17,66,0.228,289,0.276,0.443,0.719,1,312,128,49
642136,Matt Thaiss,139,Tampa Bay Rays,30,60,16,6,1,1,46,29,34,0.218,156,0.349,0.288,0.637,1,190,45,16
642180,Tyler Wade,135,San Diego Padres,30,60,13,1,2,0,31,15,22,0.206,107,0.309,0.252,0.561,1,127,27,9
642201,Eli White,144,Atlanta Braves,31,105,43,8,3,10,70,11,60,0.234,256,0.27,0.406,0.676,10,271,104,35
642215,Weston Wilson,143,Philadelphia Phillies,30,54,15,4,0,5,34,12,22,0.198,111,0.282,0.369,0.651,2,125,41,17
642350,Jose Siri,121,New York Mets,29,16,7,2,0,0,17,4,2,0.063,32,0.167,0.125,0.292,2,36,4,1
642585,Félix Bautista,110,Baltimore Orioles,30,35,0,0,0,0,0,0,0,0.0,0,0.0,0.0,0.0,0,0,0,0
642708,Amed Rosario,147,New York Yankees,29,63,20,11,0,6,31,7,50,0.276,181,0.309,0.436,0.745,1,191,79,23
642715,Willy Adames,137,San Francisco Giants,29,160,94,22,2,30,179,80,133,0.225,591,0.318,0.421,0.739,12,686,249,87
642727,Sergio Alcántara,137,San Francisco Giants,28,1,0,0,0,0,2,0,0,0.0,4,0.0,0.0,0.0,0,4,0,0
642731,Thairo Estrada,115,Colorado Rockies,29,39,14,9,0,3,26,6,39,0.253,154,0.285,0.37,0.655,1,165,57,21
642851,Austin Wynns,133,Athletics,34,40,13,8,0,6,32,5,30,0.291,103,0.321,0.544,0.865,0,110,56,21
643217,Andrew Benintendi,145,Chicago White Sox,30,116,57,16,2,20,82,40,101,0.24,420,0.307,0.431,0.738,1,470,181,63
643289,Mauricio Dubón,117,Houston Astros,30,133,43,21,0,7,42,24,89,0.241,369,0.289,0.355,0.644,3,398,131,33
643376,Danny Jansen,158,Milwaukee Brewers,30,98,38,11,0,14,86,42,62,0.215,288,0.321,0.399,0.72,0,337,115,36
643377,Griffin Jax,142,Minnesota Twins,30,50,0,0,0,0,0,0,0,0.0,0,0.0,0.0,0.0,0,0,0,0
643396,Isiah Kiner-Falefa,141,Toronto Blue Jays,30,138,45,21,2,2,77,17,113,0.262,431,0.297,0.334,0.631,15,459,144,40
643446,Jeff McNeil,121,New York Mets,33,122,42,21,5,12,55,49,97,0.243,399,0.335,0.411,0.746,3,462,164,54
643511,Tyler Rogers,137,San Francisco Giants,34,53,0,0,0,0,0,0,0,0.0,0,0.0,0.0,0.0,0,0,0,0
643565,Mike Tauchman,145,Chicago White Sox,34,93,44,17,1,9,86,45,88,0.263,335,0.356,0.4,0.756,0,385,134,40
644433,Chadwick Tromp,110,Baltimore Orioles,30,8,2,1,0,1,6,1,3,0.143,21,0.182,0.333,0.515,0,22,7,1
645277,Ozzie Albies,144,Atlanta Braves,28,157,74,23,2,16,94,55,145,0.24,603,0.306,0.365,0.671,14,667,220,74
645302,Victor Robles,136,Seattle Mariners,28,32,12,4,1,1,26,3,26,0.245,106,0.281,0.33,0.611,6,114,35,9
645305,Ali Sánchez,111,Boston Red Sox,28,12,2,2,0,0,6,0,5,0.217,23,0.217,0.304,0.521,0,23,7,0
645444,Jose Herrera,109,Arizona Diamondbacks,28,58,21,6,0,2,47,23,31,0.187,166,0.285,0.259,0.544,0,204,43,17
646240,Rafael Devers,137,San Francisco Giants,28,163,99,33,0,35,192,112,153,0.252,607,0.372,0.479,0.851,1,729,291,109
647304,Josh Naylor,136,Seattle Mariners,28,147,81,29,1,20,83,48,160,0.295,543,0.353,0.462,0.815,30,604,251,92
647315,Zach Pop,136,Seattle Mariners,28,4,0,0,0,0,0,0,0,0.0,0,0.0,0.0,0.0,0,0,0,0
647351,Abraham Toro,111,Boston Red Sox,28,77,33,13,0,7,42,14,62,0.239,259,0.289,0.371,0.66,2,284,96,27
649966,Luis Urías,133,Athletics,28,96,27,7,0,8,45,31,66,0.23,287,0.315,0.338,0.653,2,330,97,25
650333,Luis Arraez,135,San Diego Padres,28,154,66,30,4,8,21,34,181,0.292,620,0.327,0.392,0.719,11,675,243,61
650402,Gleyber Torres,116,Detroit Tigers,28,145,79,22,0,16,101,85,136,0.256,532,0.358,0.387,0.745,4,628,206,74
650489,Willi Castro,112,Chicago Cubs,28,120,58,17,3,11,111,40,91,0.226,402,0.313,0.366,0.679,10,454,147,33
650490,Yandy Díaz,139,Tampa Bay Rays,33,150,79,29,1,25,92,57,175,0.3,583,0.366,0.482,0.848,3,651,281,83
650556,Bryan Abreu,117,Houston Astros,28,70,0,0,0,0,0,0,0,0.0,0,0.0,0.0,0.0,0,0,0,0
650559,Bryan De La Cruz,144,Atlanta Braves,28,16,1,1,0,0,18,3,9,0.191,47,0.24,0.213,0.453,1,50,10,0
650859,Luis Rengifo,108,Los Angeles Angels,28,147,55,16,3,9,104,33,119,0.238,501,0.287,0.335,0.622,10,541,168,43
650968,Yohel Pozo,138,St. Louis Cardinals,28,67,16,8,0,5,22,7,37,0.231,160,0.262,0.375,0.637,0,168,60,19
655316,Andruw Monasterio,158,Milwaukee Brewers,28,68,19,9,0,4,32,7,34,0.27,126,0.319,0.437,0.756,2,135,55,16
656180,Riley Adams,120,Washington Nationals,29,83,29,8,0,8,110,18,49,0.186,263,0.252,0.308,0.56,1,286,81,24
656185,Greg Allen,110,Baltimore Orioles,32,7,1,0,0,0,5,0,0,0.0,14,0.0,0.0,0.0,0,14,0,0
656234,Jake Bird,115,Colorado Rockies,29,45,0,0,0,0,0,0,0,0.0,0,0.0,0.0,0.0,0,0,0,0
656248,Sean Bouchard,115,Colorado Rockies,29,32,7,0,1,1,27,7,11,0.167,66,0.247,0.242,0.489,1,73,16,7
656305,Matt Chapman,137,San Francisco Giants,32,128,76,23,2,21,126,71,105,0.231,454,0.34,0.43,0.77,9,535,195,61
656413,Stuart Fairchild,144,Atlanta Braves,29,28,7,4,1,0,15,4,11,0.216,51,0.273,0.333,0.606,2,55,17,2
656484,Tristan Gray,139,Tampa Bay Rays,29,30,9,5,0,3,19,6,18,0.231,78,0.282,0.41,0.692,0,86,32,9
656537,Derek Hill,145,Chicago White Sox,29,57,19,6,0,3,48,9,29,0.216,134,0.281,0.328,0.609,7,149,44,11
656541,Sam Hilliard,115,Colorado Rockies,31,20,8,3,1,2,23,10,10,0.196,51,0.328,0.412,0.74,2,61,21,3
656546,Jeff Hoffman,141,Toronto Blue Jays,32,71,0,0,0,0,0,0,0,0.0,0,0.0,0.0,0.0,0,0,0,0
656555,Rhys Hoskins,158,Milwaukee Brewers,32,90,30,12,1,12,91,38,66,0.237,279,0.332,0.416,0.748,2,328,116,43
656577,Alex Jackson,110,Baltimore Orioles,29,37,17,8,0,5,37,5,20,0.22,91,0.29,0.473,0.763,0,100,43,8
656582,Connor Joe,113,Cincinnati Reds,32,42,2,4,0,0,20,7,13,0.186,70,0.263,0.243,0.506,2,80,17,4
656716,Zach McKinstry,116,Detroit Tigers,30,144,68,23,11,12,111,46,117,0.259,452,0.333,0.438,0.771,19,511,198,49
656775,Cedric Mullins,121,New York Mets,30,133,58,23,1,17,120,50,94,0.216,435,0.299,0.391,0.69,22,498,170,59
656811,Ryan O'Hearn,135,San Diego Padres,31,144,67,21,1,17,109,58,133,0.281,474,0.366,0.437,0.803,3,544,207,63
656896,Emmanuel Rivera,110,Baltimore Orioles,29,43,5,4,0,0,24,6,30,0.25,120,0.291,0.283,0.574,1,127,34,13
656941,Kyle Schwarber,143,Philadelphia Phillies,32,162,111,23,2,56,197,108,145,0.24,604,0.365,0.563,0.928,10,724,340,132
656945,Tanner Scott,119,Los Angeles Dodgers,30,61,0,0,0,0,0,0,0,0.0,0,0.0,0.0,0.0,0,0,0,0
656976,Pavin Smith,109,Arizona Diamondbacks,29,87,36,17,1,8,92,41,63,0.258,244,0.362,0.434,0.796,2,288,106,28
656986,Bennett Sousa,117,Houston Astros,30,44,0,0,0,0,0,0,0,0.0,0,0.0,0.0,0.0,0,0,0,0
657041,Lane Thomas,114,Cleveland Guardians,29,39,10,2,0,4,44,14,20,0.16,125,0.246,0.272,0.518,4,142,34,11
657044,Ryan Thompson,109,Arizona Diamondbacks,33,48,0,0,0,0,0,0,0,0.0,0,0.0,0.0,0.0,0,0,0,0
657077,Alex Verdugo,144,Atlanta Braves,29,56,21,10,0,0,31,14,47,0.239,197,0.296,0.289,0.585,1,213,57,12
657136,Connor Wong,111,Boston Red Sox,29,63,16,8,0,0,42,16,32,0.19,168,0.262,0.238,0.5,2,188,40,7
657514,Brennan Bernardino,111,Boston Red Sox,33,55,0,0,0,0,0,0,0,0.0,0,0.0,0.0,0.0,0,0,0,0
657557,Paul DeJong,120,Washington Nationals,31,57,18,10,0,6,70,11,44,0.228,193,0.269,0.373,0.642,4,208,72,23
657656,Ramón Laureano,135,San Diego Padres,30,132,72,26,2,24,119,35,124,0.281,441,0.342,0.512,0.854,7,488,226,76
657756,Connor Seabold,139,Tampa Bay Rays,29,3,0,0,0,0,0,0,0,0.0,0,0.0,0.0,0.0,0,0,0,0
657757,Gavin Sheets,135,San Diego Padres,29,145,57,28,1,19,107,44,124,0.252,492,0.317,0.429,0.746,2,545,211,71
660162,Yoán Moncada,108,Los Angeles Angels,30,84,39,13,2,12,75,32,58,0.234,248,0.336,0.448,0.784,0,289,111,35
660271,Shohei Ohtani,119,Los Angeles Dodgers,30,158,146,25,9,55,187,109,172,0.282,611,0.392,0.622,1.014,20,727,380,102
660644,Vidal Bruján,144,Atlanta Braves,27,61,14,5,0,0,21,6,22,0.253,87,0.305,0.31,0.615,2,95,27,8
660670,Ronald Acuña Jr.,144,Atlanta Braves,27,95,74,12,1,21,102,71,98,0.29,338,0.417,0.518,0.935,9,412,175,42
660688,Keibert Ruiz,120,Washington Nationals,26,68,19,12,0,2,26,8,63,0.247,255,0.277,0.318,0.595,0,267,81,25
660757,Oscar Gonzalez,135,San Diego Padres,27,21,2,1,0,0,13,2,13,0.22,59,0.246,0.237,0.483,0,61,14,4
660787,Yerry De los Santos,147,New York Yankees,27,25,0,0,0,0,0,0,0,0.0,0,0.0,0.0,0.0,0,0,0,0
660821,Jesús Sánchez,117,Houston Astros,27,134,61,21,4,14,110,42,107,0.237,451,0.304,0.395,0.699,13,497,178,48
660844,Leo Rivas,136,Seattle Mariners,27,48,19,2,0,2,24,20,22,0.244,90,0.387,0.333,0.72,6,111,30,9
660853,Enyel De Los Santos,117,Houston Astros,29,22,0,0,0,0,0,0,0,0.0,0,0.0,0.0,0.0,0,0,0,0
661388,William Contreras,158,Milwaukee Brewers,27,150,89,28,0,17,120,84,147,0.26,566,0.355,0.399,0.754,6,659,226,76
661395,Jhoan Duran,142,Minnesota Twins,27,49,0,0,0,0,0,0,0,0.0,0,0.0,0.0,0.0,0,0,0,0
661403,Emmanuel Clase,114,Cleveland Guardians,27,48,0,0,0,0,0,0,0,0.0,0,0.0,0.0,0.0,0,0,0,0
662139,Daulton Varsho,141,Toronto Blue Jays,28,71,43,13,2,20,77,17,59,0.238,248,0.284,0.548,0.832,2,271,136,55
663330,Jahmai Jones,116,Detroit Tigers,27,72,21,11,1,7,32,18,37,0.287,129,0.387,0.55,0.937,2,150,71,23
663368,Blake Perkins,158,Milwaukee Brewers,28,54,25,6,2,3,47,15,35,0.226,155,0.298,0.348,0.646,7,171,54,19
663423,Trent Thornton,136,Seattle Mariners,31,33,0,0,0,0,0,0,0,0.0,0,0.0,0.0,0.0,0,0,0,0
663455,Konnor Pilkington,120,Washington Nationals,27,32,0,0,0,0,0,0,0,0.0,0,0.0,0.0,0.0,0,0,0,0
663457,Lars Nootbaar,138,St. Louis Cardinals,27,135,68,24,1,13,119,64,119,0.234,509,0.325,0.361,0.686,4,583,184,48
663536,Tristin English,109,Arizona Diamondbacks,28,7,0,1,0,0,8,1,2,0.091,22,0.13,0.136,0.266,0,23,3,1
663538,Nico Hoerner,112,Chicago Cubs,28,156,89,29,4,7,49,39,178,0.297,599,0.345,0.394,0.739,29,649,236,61
663584,Hayden Senger,121,New York Mets,28,33,8,1,0,0,22,3,13,0.181,72,0.221,0.194,0.415,0,78,14,4
663586,Austin Riley,144,Atlanta Braves,28,102,54,20,1,16,128,27,108,0.26,416,0.309,0.428,0.737,2,447,178,54
663604,Brandon Lockridge,158,Milwaukee Brewers,28,67,17,7,1,0,36,8,31,0.231,134,0.276,0.299,0.575,10,148,40,11
663609,Luken Baker,138,St. Louis Cardinals,28,19,3,3,0,0,10,7,8,0.235,34,0.366,0.324,0.69,0,41,11,2
663616,Trevor Larnach,142,Minnesota Twins,28,142,62,24,1,17,122,53,126,0.25,503,0.323,0.404,0.727,4,567,203,60
663624,Ryan Mountcastle,110,Baltimore Orioles,28,89,34,18,0,7,98,15,83,0.25,332,0.286,0.367,0.653,3,357,122,35
663647,Ke'Bryan Hayes,113,Cincinnati Reds,28,152,50,16,3,5,111,36,124,0.235,527,0.29,0.306,0.596,12,570,161,49
663656,Kyle Tucker,112,Chicago Cubs,28,136,91,25,4,22,88,87,133,0.266,500,0.377,0.464,0.841,25,597,232,73
663662,Daz Cameron,158,Milwaukee Brewers,28,21,7,1,0,1,13,1,8,0.195,41,0.214,0.293,0.507,1,42,12,3
663697,Jonathan India,118,Kansas City Royals,28,136,63,29,0,9,106,54,116,0.233,497,0.323,0.346,0.669,0,567,172,45
663698,Joey Bart,134,Pittsburgh Pirates,28,93,21,12,1,4,93,40,71,0.249,285,0.355,0.34,0.695,1,332,97,30
663728,Cal Raleigh,136,Seattle Mariners,28,159,110,24,0,60,188,97,147,0.247,596,0.359,0.589,0.948,14,705,351,125
663731,Connor Kaiser,109,Arizona Diamondbacks,28,11,1,1,0,0,5,1,2,0.111,18,0.158,0.167,0.325,0,19,3,2
663738,Daniel Lynch IV,118,Kansas City Royals,28,57,0,0,0,0,0,0,0,0.0,0,0.0,0.0,0.0,0,0,0,0
663743,Nick Fortes,139,Tampa Bay Rays,28,97,19,9,1,5,47,14,50,0.229,218,0.296,0.349,0.645,1,242,76,21
663757,Trent Grisham,147,New York Yankees,28,143,87,9,1,34,137,82,116,0.235,494,0.348,0.464,0.812,3,581,229,74
663796,Coco Montes,139,Tampa Bay Rays,28,5,0,0,0,0,3,0,2,0.2,10,0.2,0.2,0.4,0,10,2,1
663837,Matt Vierling,116,Detroit Tigers,28,31,6,3,0,1,24,7,21,0.239,88,0.31,0.307,0.617,2,100,27,11
663853,Romy Gonzalez,111,Boston Red Sox,28,96,47,23,3,9,81,18,96,0.305,315,0.343,0.483,0.826,6,341,152,53
663886,Tyler Stephenson,113,Cincinnati Reds,28,88,40,18,0,13,116,37,69,0.231,299,0.316,0.421,0.737,0,342,126,50
663897,Luke Williams,144,Atlanta Braves,28,45,5,2,0,0,9,1,4,0.129,31,0.176,0.194,0.37,5,34,6,5
663898,Brendan Rodgers,117,Houston Astros,28,43,12,4,0,2,46,11,22,0.191,115,0.266,0.278,0.544,0,128,32,11
663967,César Salazar,117,Houston Astros,29,11,0,0,0,0,2,2,3,0.231,13,0.375,0.231,0.606,0,16,3,1
663968,Jake Mangum,139,Tampa Bay Rays,29,118,37,18,1,3,64,19,120,0.296,405,0.33,0.368,0.698,27,428,149,40
663993,Nathaniel Lowe,111,Boston Red Sox,29,153,64,23,3,18,159,62,123,0.228,540,0.307,0.381,0.688,1,609,206,84
664023,Ian Happ,112,Chicago Cubs,30,150,87,32,0,23,151,87,138,0.243,569,0.342,0.42,0.762,6,663,239,79
664034,Ty France,141,Toronto Blue Jays,30,138,50,25,0,7,83,22,114,0.257,444,0.32,0.36,0.68,1,490,160,52
664040,Brandon Lowe,139,Tampa Bay Rays,30,134,79,19,0,31,149,38,130,0.256,507,0.307,0.477,0.784,3,553,242,83
664056,Harrison Bader,143,Philadelphia Phillies,31,146,61,24,1,17,136,39,124,0.277,448,0.347,0.449,0.796,11,501,201,54
664059,Sam Haggerty,140,Texas Rangers,31,64,31,7,3,2,37,16,41,0.253,162,0.328,0.37,0.698,12,182,60,13
664068,Scott Kingery,108,Los Angeles Angels,31,19,3,1,0,0,11,2,4,0.148,27,0.207,0.185,0.392,1,29,5,0
664199,Taylor Clarke,118,Kansas City Royals,32,51,0,0,0,0,0,0,0,0.0,0,0.0,0.0,0.0,0,0,0,0
664208,Phil Maton,138,St. Louis Cardinals,32,40,0,0,0,0,0,0,0,0.0,0,0.0,0.0,0.0,0,0,0,0
664238,Dylan Moore,140,Texas Rangers,32,106,35,5,0,11,82,20,44,0.201,219,0.267,0.374,0.641,14,243,82,25
664702,Myles Straw,141,Toronto Blue Jays,30,137,51,14,1,4,50,19,70,0.262,267,0.313,0.367,0.68,12,299,98,32
664728,Kyle Isbel,118,Kansas City Royals,28,135,42,16,4,4,74,23,94,0.255,368,0.301,0.353,0.654,4,409,130,33
664761,Alec Bohm,143,Philadelphia Phillies,28,120,53,18,3,11,82,29,133,0.287,464,0.331,0.409,0.74,2,504,190,59
664770,Nathan Lukes,141,Toronto Blue Jays,30,135,55,19,2,12,60,38,99,0.255,388,0.323,0.407,0.73,2,438,158,65
664774,LaMonte Wade Jr.,108,Los Angeles Angels,31,80,19,8,2,2,58,27,35,0.167,209,0.271,0.254,0.525,1,242,53,18
664854,Ryan Helsley,138,St. Louis Cardinals,30,36,0,0,0,0,0,0,0,0.0,0,0.0,0.0,0.0,0,0,0,0
664913,Seth Brown,133,Athletics,32,38,6,2,0,1,23,9,12,0.185,65,0.303,0.262,0.565,1,76,17,3
664954,Brett Sullivan,134,Pittsburgh Pirates,31,3,1,0,0,0,3,1,1,0.167,6,0.333,0.167,0.5,0,9,1,2
664983,Jake McCarthy,109,Arizona Diamondbacks,27,67,18,7,5,4,40,10,42,0.204,206,0.247,0.345,0.592,6,222,71,20
665019,Kody Clemens,142,Minnesota Twins,29,119,46,12,4,19,93,29,74,0.213,348,0.281,0.434,0.715,5,386,151,52
665052,Griffin Conine,146,Miami Marlins,27,24,13,7,0,2,25,7,20,0.253,79,0.314,0.418,0.732,0,86,33,8
665155,Nick Maton,145,Chicago White Sox,28,25,5,2,0,2,19,9,9,0.167,54,0.286,0.315,0.601,0,63,17,4
665161,Jeremy Peña,117,Houston Astros,27,125,68,30,2,17,93,35,150,0.304,493,0.363,0.477,0.84,20,543,235,62
665487,Fernando Tatis Jr.,135,San Diego Padres,26,155,111,27,2,25,129,89,159,0.268,594,0.368,0.446,0.814,32,691,265,71
665489,Vladimir Guerrero Jr.,141,Toronto Blue Jays,26,156,96,34,0,23,94,81,172,0.292,589,0.381,0.467,0.848,6,680,275,84
665561,Rafael Marchán,143,Philadelphia Phillies,26,42,9,4,0,2,17,10,22,0.21,105,0.282,0.305,0.587,0,118,32,13
665660,Elvis Alvarado,133,Athletics,26,37,0,0,0,0,0,0,0,0.0,0,0.0,0.0,0.0,0,0,0,0
665742,Juan Soto,121,New York Mets,26,160,120,20,1,43,137,127,152,0.263,577,0.396,0.525,0.921,38,715,303,105
665750,Leody Taveras,136,Seattle Mariners,26,58,13,6,1,3,50,5,35,0.205,171,0.226,0.304,0.53,9,180,52,17
665804,Miguel Amaya,112,Chicago Cubs,26,28,14,9,0,4,22,4,27,0.281,96,0.314,0.5,0.814,0,103,48,25
665828,Oswaldo Cabrera,147,New York Yankees,26,34,17,4,0,1,25,11,26,0.243,107,0.322,0.308,0.63,0,122,33,11
665833,Oneil Cruz,134,Pittsburgh Pirates,26,135,62,18,3,20,174,64,94,0.2,471,0.298,0.378,0.676,38,544,178,61
665839,Enmanuel Valdez,134,Pittsburgh Pirates,26,31,7,4,2,2,16,11,19,0.209,91,0.294,0.363,0.657,0,102,33,12
665861,Sebastián Rivero,108,Los Angeles Angels,26,11,4,2,0,0,9,1,6,0.182,33,0.206,0.242,0.448,1,34,8,2
665862,Jazz Chisholm Jr.,147,New York Yankees,27,130,75,15,1,31,148,58,112,0.242,462,0.332,0.481,0.813,31,531,222,80
665877,José Fermín,138,St. Louis Cardinals,26,30,5,5,0,1,10,8,17,0.283,60,0.377,0.417,0.794,2,70,25,9
665923,Esteury Ruiz,119,Los Angeles Dodgers,26,19,2,0,0,1,8,2,4,0.19,21,0.261,0.333,0.594,4,23,7,2
665926,Andrés Giménez,141,Toronto Blue Jays,26,101,39,11,1,7,66,25,69,0.21,329,0.285,0.313,0.598,12,369,103,35
665953,Andrés Chaparro,120,Washington Nationals,26,34,4,2,0,1,22,5,12,0.182,66,0.247,0.258,0.505,0,73,17,5
665966,Carlos Narváez,111,Boston Red Sox,26,118,51,27,0,15,111,38,97,0.241,403,0.306,0.419,0.725,1,446,169,50
666018,Jonathan Aranda,139,Tampa Bay Rays,27,106,56,22,0,14,107,41,117,0.316,370,0.393,0.489,0.882,0,422,181,59
666023,Freddy Fermin,135,San Diego Padres,30,109,32,13,0,5,65,19,80,0.251,319,0.297,0.339,0.636,1,347,108,26
666126,Carlos Cortes,133,Athletics,28,42,11,8,1,4,20,3,29,0.309,94,0.323,0.543,0.866,0,99,51,14
666134,Nolan Jones,114,Cleveland Guardians,27,136,34,14,2,5,113,39,75,0.211,355,0.296,0.304,0.6,8,403,108,34
666139,Josh Lowe,139,Tampa Bay Rays,27,108,56,21,2,11,109,33,87,0.22,396,0.283,0.366,0.649,18,435,145,40
666149,Tyler Fitzgerald,137,San Francisco Giants,27,72,19,10,1,4,70,17,47,0.217,217,0.278,0.327,0.605,9,243,71,14
666150,Dominic Fletcher,145,Chicago White Sox,27,12,5,5,0,1,2,2,7,0.219,32,0.265,0.469,0.734,1,34,15,2
666152,David Hamilton,111,Boston Red Sox,27,91,27,4,1,6,47,13,35,0.198,177,0.257,0.333,0.59,22,194,59,19
666158,Gavin Lux,113,Cincinnati Reds,27,140,49,28,2,5,114,56,120,0.269,446,0.35,0.374,0.724,1,503,167,53
666160,Mickey Moniak,115,Colorado Rockies,27,135,62,20,8,24,110,22,117,0.27,434,0.306,0.518,0.824,9,461,225,68
666163,Ben Rortvedt,119,Los Angeles Dodgers,27,44,9,3,0,1,23,11,17,0.152,112,0.24,0.205,0.445,0,128,23,10
666165,Blake Sabol,111,Boston Red Sox,27,8,2,1,0,0,7,1,2,0.125,16,0.167,0.188,0.355,0,18,3,1
666176,Jo Adell,108,Los Angeles Angels,26,152,63,18,1,37,151,33,124,0.236,526,0.293,0.485,0.778,5,573,255,98
666181,Will Benson,113,Cincinnati Reds,27,90,31,8,2,12,67,16,52,0.226,230,0.273,0.435,0.708,2,253,100,41
666182,Bo Bichette,141,Toronto Blue Jays,27,139,78,44,1,18,91,40,181,0.311,582,0.357,0.483,0.84,4,628,281,94
666185,Dylan Carlson,110,Baltimore Orioles,26,83,17,9,1,6,54,21,44,0.203,217,0.278,0.336,0.614,3,241,73,20
666198,Carter Kieboom,108,Los Angeles Angels,27,3,0,0,0,0,1,0,2,0.25,8,0.25,0.25,0.5,0,8,2,1
666211,Taylor Trammell,117,Houston Astros,27,52,15,7,0,3,41,17,23,0.197,117,0.296,0.333,0.629,3,135,39,12
666310,Bo Naylor,114,Cleveland Guardians,25,123,46,22,1,14,99,45,70,0.195,359,0.282,0.379,0.661,1,414,136,47
666397,Edouard Julien,142,Minnesota Twins,26,64,13,10,0,3,61,22,40,0.22,182,0.309,0.324,0.633,0,208,59,12
666464,Jerar Encarnacion,137,San Francisco Giants,27,19,5,3,0,2,15,1,11,0.2,55,0.214,0.364,0.578,1,56,20,7
666624,Christopher Morel,139,Tampa Bay Rays,26,105,37,16,0,11,109,25,61,0.219,278,0.289,0.396,0.685,7,305,110,33
666661,Juan Morillo,109,Arizona Diamondbacks,26,42,0,0,0,0,0,0,0,0.0,0,0.0,0.0,0.0,0,0,0,0
666915,Bobby Dalbec,145,Chicago White Sox,30,7,2,1,0,0,6,3,4,0.222,18,0.333,0.278,0.611,0,21,5,1
666969,Adolis García,140,Texas Rangers,32,135,58,28,0,19,135,28,115,0.227,507,0.271,0.394,0.665,13,547,200,75
666971,Lourdes Gurriel Jr.,109,Arizona Diamondbacks,31,129,52,24,2,19,76,31,124,0.248,500,0.295,0.418,0.713,10,546,209,80
666974,Yennier Cano,110,Baltimore Orioles,31,65,0,0,0,0,0,0,0,0.0,0,0.0,0.0,0.0,0,0,0,0
667452,Corey Julks,145,Chicago White Sox,29,6,2,2,0,0,3,0,3,0.25,12,0.231,0.417,0.648,0,13,5,1
667472,Dane Myers,146,Miami Marlins,29,106,29,10,0,6,77,23,72,0.235,307,0.291,0.326,0.617,18,333,100,31
667670,Brent Rooker,133,Athletics,30,162,92,40,3,30,155,65,164,0.262,626,0.335,0.479,0.814,6,699,300,89
667690,C.J. Stubbs,120,Washington Nationals,28,1,0,0,0,0,0,0,0,0.0,3,0.0,0.0,0.0,0,3,0,0
668227,Randy Arozarena,136,Seattle Mariners,30,160,95,32,1,27,191,64,146,0.238,613,0.334,0.426,0.76,31,709,261,76
668670,Jake Rogers,116,Detroit Tigers,30,49,14,5,2,3,39,15,23,0.187,123,0.277,0.333,0.61,0,142,41,19
668674,Lucas Erceg,118,Kansas City Royals,30,61,0,0,0,0,0,0,0,0.0,0,0.0,0.0,0.0,0,0,0,0
668709,JJ Bleday,133,Athletics,27,98,48,17,0,14,91,36,65,0.212,307,0.294,0.404,0.698,1,344,124,39
668715,Spencer Steer,113,Cincinnati Reds,27,146,66,21,2,21,129,51,121,0.238,509,0.312,0.411,0.723,7,568,209,75
668723,Ryan Vilade,113,Cincinnati Reds,26,8,1,0,0,0,5,2,1,0.077,13,0.2,0.077,0.277,0,15,1,0
668731,Akil Baddoo,116,Detroit Tigers,26,7,0,1,0,0,5,1,2,0.118,17,0.167,0.176,0.343,1,18,3,1
668800,Andrew Knizner,137,San Francisco Giants,30,33,12,1,1,1,10,7,17,0.221,77,0.299,0.299,0.598,0,88,23,5
668804,Bryan Reynolds,134,Pittsburgh Pirates,30,154,68,38,3,16,173,57,144,0.245,587,0.318,0.402,0.72,3,654,236,73
668845,Aaron Schunk,115,Colorado Rockies,27,16,1,1,0,0,10,0,6,0.188,32,0.188,0.219,0.407,0,33,7,0
668885,Austin Martin,142,Minnesota Twins,26,50,22,8,1,1,31,22,44,0.282,156,0.374,0.365,0.739,11,181,57,7
668901,Mark Vientos,121,New York Mets,25,121,44,21,2,17,115,30,99,0.233,424,0.289,0.413,0.702,1,463,175,61
668904,Royce Lewis,142,Minnesota Twins,26,106,36,18,0,13,80,25,89,0.237,376,0.283,0.388,0.671,12,403,146,52
668930,Brice Turang,158,Milwaukee Brewers,25,156,97,28,2,18,150,66,168,0.288,584,0.359,0.435,0.794,24,659,254,81
668939,Adley Rutschman,110,Baltimore Orioles,27,90,37,16,2,9,57,40,71,0.22,322,0.307,0.366,0.673,0,365,118,29
668942,Josh Rojas,145,Chicago White Sox,31,69,14,9,0,2,48,19,34,0.18,189,0.252,0.259,0.511,4,211,49,11
668952,Ryan Kreidler,116,Detroit Tigers,27,17,5,0,0,0,19,4,4,0.105,38,0.19,0.105,0.295,2,44,4,0
668974,Maverick Handley,110,Baltimore Orioles,27,16,2,0,0,0,18,2,3,0.073,41,0.133,0.073,0.206,0,47,3,3
668984,Casey Legumina,136,Seattle Mariners,28,48,0,0,0,0,0,0,0,0.0,0,0.0,0.0,0.0,0,0,0,0
669003,Garrett Mitchell,158,Milwaukee Brewers,26,25,9,4,1,0,25,7,14,0.206,68,0.286,0.294,0.58,3,78,20,3
669004,MJ Melendez,118,Kansas City Royals,26,23,5,2,0,1,23,3,5,0.083,60,0.154,0.167,0.321,0,65,10,1
669016,Brandon Marsh,143,Philadelphia Phillies,27,133,59,25,2,11,110,38,106,0.28,379,0.342,0.443,0.785,7,425,168,43
669060,Bryse Wilson,145,Chicago White Sox,27,20,0,0,0,0,0,0,0,0.0,0,0.0,0.0,0.0,0,0,0,0
669065,Kyle Stowers,146,Miami Marlins,27,117,61,21,3,25,125,48,115,0.288,399,0.368,0.544,0.912,5,457,217,73
669087,Sam Huff,137,San Francisco Giants,27,20,5,1,0,2,25,4,11,0.208,53,0.259,0.34,0.599,0,58,18,4
669127,Shea Langeliers,133,Athletics,27,123,73,32,0,31,103,36,133,0.277,481,0.325,0.536,0.861,7,523,258,72
669134,Luis Campusano,135,San Diego Padres,26,10,0,0,0,0,11,6,0,0.0,21,0.222,0.0,0.222,0,27,0,0
669194,Ryne Nelson,109,Arizona Diamondbacks,27,34,1,0,0,0,0,0,1,1.0,1,1.0,1.0,2.0,0,1,1,1
669200,Mason McCoy,135,San Diego Padres,30,18,5,1,0,0,7,3,3,0.136,22,0.269,0.182,0.451,2,26,4,1
669208,Ryan Bliss,136,Seattle Mariners,25,11,1,1,0,1,11,4,7,0.2,35,0.282,0.314,0.596,2,39,11,3
669211,Keegan Akin,110,Baltimore Orioles,30,64,0,0,0,0,0,0,0,0.0,0,0.0,0.0,0.0,0,0,0,0
669221,Sean Murphy,144,Atlanta Braves,30,94,34,13,0,16,105,35,58,0.199,291,0.3,0.409,0.709,0,337,119,45
669224,Austin Wells,147,New York Yankees,25,126,51,22,1,21,118,30,88,0.219,401,0.275,0.436,0.711,5,448,175,71
669234,Justyn-Henry Malloy,116,Detroit Tigers,25,52,15,6,0,1,32,20,23,0.221,104,0.346,0.308,0.654,0,127,32,17
669236,Jeremiah Jackson,110,Baltimore Orioles,25,48,20,10,2,5,50,11,47,0.276,170,0.328,0.447,0.775,0,183,76,21
669242,Tommy Edman,119,Los Angeles Dodgers,30,97,49,13,1,13,61,19,78,0.225,346,0.274,0.382,0.656,3,377,132,49
669256,Nick Solak,134,Pittsburgh Pirates,30,4,0,0,0,0,2,0,1,0.091,11,0.091,0.091,0.182,0,11,1,0
669257,Will Smith,119,Los Angeles Dodgers,30,110,64,20,1,17,89,64,107,0.296,362,0.404,0.497,0.901,2,436,180,61
669261,Jack Suwinski,134,Pittsburgh Pirates,26,59,15,7,0,3,57,24,22,0.147,150,0.281,0.253,0.534,7,178,38,10
669288,Daniel Johnson,110,Baltimore Orioles,29,31,13,3,0,1,13,4,10,0.189,53,0.246,0.302,0.548,2,57,16,1
669289,Santiago Espinal,113,Cincinnati Reds,30,114,25,12,0,0,38,21,73,0.243,301,0.292,0.282,0.574,2,328,85,16
669304,Jose Miranda,142,Minnesota Twins,27,12,2,0,0,1,13,0,6,0.167,36,0.167,0.25,0.417,0,36,9,5
669326,Bryce Teodosio,108,Los Angeles Angels,26,50,12,7,2,1,47,5,28,0.203,138,0.248,0.304,0.552,7,150,42,7
669357,Nolan Gorman,138,St. Louis Cardinals,25,111,48,14,1,14,136,47,72,0.205,351,0.296,0.37,0.666,1,402,130,46
669364,Xavier Edwards,146,Miami Marlins,25,139,75,20,5,3,88,49,159,0.283,561,0.343,0.353,0.696,27,619,198,43
669369,Bryce Johnson,135,San Diego Padres,29,55,9,4,0,1,19,3,26,0.342,76,0.383,0.434,0.817,4,84,33,8
669374,Keston Hiura,115,Colorado Rockies,28,8,3,1,0,0,7,0,4,0.222,18,0.333,0.278,0.611,0,21,5,1
669392,Samad Taylor,136,Seattle Mariners,26,4,1,0,0,0,1,0,1,0.125,8,0.125,0.125,0.25,0,9,1,0
669394,Jake Burger,140,Texas Rangers,29,103,43,15,1,16,93,12,84,0.236,356,0.269,0.419,0.688,1,376,149,53
669397,Nick Allen,144,Atlanta Braves,26,135,32,11,0,0,99,31,82,0.221,371,0.284,0.251,0.535,8,416,93,22
669398,Gage Workman,145,Chicago White Sox,25,12,0,1,0,0,7,1,3,0.188,16,0.235,0.25,0.485,1,17,4,2
669432,Trevor Rogers,110,Baltimore Orioles,27,18,0,0,0,0,2,0,0,0.0,2,0.0,0.0,0.0,0,2,0,0
669438,Mason Englert,139,Tampa Bay Rays,25,30,0,0,0,0,0,0,0,0.0,0,0.0,0.0,0.0,0,0,0,0
669450,Cooper Hummel,117,Houston Astros,30,37,10,0,0,3,31,14,15,0.17,88,0.298,0.273,0.571,1,105,24,7
669467,Andre Pallante,138,St. Louis Cardinals,26,31,0,0,0,0,0,0,0,0.0,0,0.0,0.0,0.0,0,0,0,0
669477,Casey Schmitt,137,San Francisco Giants,26,95,34,15,0,12,83,27,74,0.237,312,0.305,0.401,0.706,0,348,125,40
669674,Sam Long,118,Kansas City Royals,29,39,0,0,0,0,0,0,0,0.0,0,0.0,0.0,0.0,0,0,0,0
669701,Josh Smith,140,Texas Rangers,27,144,70,23,2,10,100,55,124,0.251,495,0.335,0.366,0.701,12,563,181,35
669707,Jared Triolo,134,Pittsburgh Pirates,27,107,41,18,2,7,76,39,75,0.227,331,0.311,0.356,0.667,13,376,118,24
669717,Will Wilson,114,Cleveland Guardians,26,34,7,4,0,0,34,7,15,0.192,78,0.267,0.244,0.511,2,91,19,2
669720,Austin Hays,113,Cincinnati Reds,29,103,60,16,5,15,107,29,101,0.266,380,0.315,0.453,0.768,7,416,172,64
669722,Logan Davidson,108,Los Angeles Angels,27,19,3,2,0,1,22,3,7,0.167,42,0.222,0.286,0.508,0,47,12,4
669743,Alex Call,119,Los Angeles Dodgers,30,110,43,13,2,5,55,36,72,0.267,270,0.361,0.385,0.746,2,322,104,31
669911,Michael Toglia,115,Colorado Rockies,26,88,22,15,1,11,132,28,58,0.19,306,0.258,0.353,0.611,3,337,108,32
670032,Nicky Lopez,112,Chicago Cubs,30,19,2,0,0,0,4,4,1,0.042,24,0.179,0.042,0.221,0,28,1,1
670036,Matt Festa,114,Cleveland Guardians,32,63,0,0,0,0,0,0,0,0.0,0,0.0,0.0,0.0,0,0,0,0
670042,Luke Raley,136,Seattle Mariners,30,73,23,8,0,4,64,19,37,0.202,183,0.319,0.311,0.63,2,219,57,19
670092,Trenton Brooks,135,San Diego Padres,29,25,5,2,0,1,13,2,6,0.146,41,0.186,0.268,0.454,0,43,11,2
670097,Zack Short,117,Houston Astros,30,22,9,2,0,2,18,4,11,0.22,50,0.291,0.38,0.671,0,56,19,7
670156,Miles Mastrobuoni,136,Seattle Mariners,29,76,20,4,0,1,29,17,38,0.25,152,0.324,0.296,0.62,6,175,45,12
670167,John Schreiber,118,Kansas City Royals,31,74,0,0,0,0,0,0,0,0.0,0,0.0,0.0,0.0,0,0,0,0
670223,Matt Mervis,146,Miami Marlins,27,42,15,4,0,7,50,11,21,0.175,120,0.254,0.383,0.637,0,134,46,14
670224,Kameron Misner,139,Tampa Bay Rays,27,71,27,9,1,5,69,16,42,0.213,197,0.273,0.345,0.618,8,217,68,22
670231,John Rave,118,Kansas City Royals,27,72,18,5,0,4,46,18,30,0.196,153,0.283,0.307,0.59,7,175,47,14
670242,Matt Wallner,142,Minnesota Twins,27,104,47,16,3,22,114,46,68,0.202,336,0.311,0.464,0.775,4,392,156,40
670276,Cal Stevenson,143,Philadelphia Phillies,28,5,0,0,0,0,2,0,2,0.25,8,0.25,0.25,0.5,0,8,2,1
670541,Yordan Alvarez,117,Houston Astros,28,48,17,8,0,6,33,28,45,0.273,165,0.367,0.43,0.797,1,199,71,27
670623,Isaac Paredes,117,Houston Astros,26,102,53,15,1,20,76,50,96,0.254,378,0.352,0.458,0.81,0,438,173,53
670764,Taylor Walls,139,Tampa Bay Rays,28,101,36,14,1,4,70,26,62,0.22,282,0.28,0.319,0.599,14,317,90,38
670770,TJ Friedl,113,Cincinnati Reds,29,152,82,22,2,14,115,81,151,0.261,579,0.364,0.378,0.742,12,685,219,53
670950,Trevor Richards,118,Kansas City Royals,32,3,0,0,0,0,0,0,0,0.0,0,0.0,0.0,0.0,0,0,0,0
671056,Iván Herrera,138,St. Louis Cardinals,25,107,54,13,0,19,84,43,110,0.284,388,0.373,0.464,0.837,8,452,180,66
671083,Buddy Kennedy,119,Los Angeles Dodgers,26,13,2,1,0,0,8,2,2,0.069,29,0.156,0.103,0.259,0,32,3,1
671131,Jackson Rutledge,120,Washington Nationals,26,63,0,0,0,0,0,0,0,0.0,0,0.0,0.0,0.0,0,0,0,0
671213,Triston Casas,111,Boston Red Sox,25,29,5,3,0,3,27,11,18,0.182,99,0.277,0.303,0.58,0,112,30,11
671218,Heliot Ramos,137,San Francisco Giants,25,157,85,24,1,21,158,52,159,0.256,620,0.328,0.4,0.728,6,695,248,69
671221,Drew Waters,118,Kansas City Royals,26,71,21,6,3,1,60,11,50,0.243,206,0.288,0.316,0.604,5,219,65,14
671277,Luis García Jr.,120,Washington Nationals,25,139,67,28,1,16,84,27,123,0.252,488,0.289,0.412,0.701,14,526,201,66
671284,Tim Elko,145,Chicago White Sox,26,23,6,1,0,4,30,5,9,0.134,67,0.194,0.328,0.522,1,72,22,8
671286,Johnathan Rodríguez,114,Cleveland Guardians,25,31,6,4,1,2,22,6,14,0.197,71,0.26,0.366,0.626,1,77,26,10
671289,Tyler Freeman,115,Colorado Rockies,26,110,50,20,2,2,51,34,106,0.281,377,0.354,0.361,0.715,18,428,136,31
671655,George Valera,114,Cleveland Guardians,24,16,7,2,0,2,13,7,9,0.22,41,0.333,0.415,0.748,0,48,17,5
671732,Lawrence Butler,133,Athletics,24,152,83,30,2,21,179,59,133,0.234,569,0.306,0.404,0.71,22,630,230,63
671739,Michael Harris II,144,Atlanta Braves,24,160,55,26,6,20,128,16,152,0.249,611,0.268,0.409,0.677,20,641,250,86
671976,Tristan Peters,139,Tampa Bay Rays,25,4,0,0,0,0,7,0,0,0.0,12,0.0,0.0,0.0,0,12,0,0
672012,Tyler Black,158,Milwaukee Brewers,24,5,1,1,0,0,1,5,2,0.25,8,0.538,0.375,0.913,0,13,3,1
672016,Denzel Clarke,133,Athletics,25,47,18,8,2,3,61,6,34,0.23,148,0.274,0.372,0.646,6,159,55,8
672275,Patrick Bailey,137,San Francisco Giants,26,135,47,18,3,6,133,30,91,0.222,409,0.277,0.325,0.602,1,452,133,55
672279,Michael Siani,138,St. Louis Cardinals,25,19,4,0,0,0,7,2,4,0.235,17,0.316,0.235,0.551,0,19,4,0
672284,Jarred Kelenic,144,Atlanta Braves,25,24,7,2,0,2,23,5,10,0.167,60,0.231,0.3,0.531,0,65,18,2
672335,Cionel Pérez,110,Baltimore Orioles,29,19,0,0,0,0,0,0,0,0.0,0,0.0,0.0,0.0,0,0,0,0
672356,Gabriel Arias,114,Cleveland Guardians,25,129,44,25,2,11,162,27,95,0.22,432,0.274,0.363,0.637,8,471,157,54
672359,Tirso Ornelas,135,San Diego Padres,25,7,0,0,0,0,2,2,1,0.071,14,0.188,0.071,0.259,0,16,1,1
672386,Alejandro Kirk,141,Toronto Blue Jays,26,130,45,18,0,15,59,48,127,0.282,451,0.348,0.421,0.769,1,506,190,76
672391,Kaleb Ort,117,Houston Astros,33,49,0,0,0,0,0,0,0,0.0,0,0.0,0.0,0.0,0,0,0,0
672515,Gabriel Moreno,109,Arizona Diamondbacks,25,83,44,12,1,9,53,29,79,0.285,277,0.353,0.433,0.786,2,309,120,40
672569,Gustavo Campero,108,Los Angeles Angels,27,28,9,1,0,3,14,5,10,0.172,58,0.273,0.345,0.618,4,66,20,8
672580,Maikel Garcia,118,Kansas City Royals,25,160,81,39,5,16,84,62,170,0.286,595,0.351,0.449,0.8,23,666,267,74
672640,Otto Lopez,146,Miami Marlins,26,143,66,21,0,15,82,44,134,0.246,544,0.305,0.368,0.673,15,594,200,77
672642,Steward Berroa,158,Milwaukee Brewers,26,2,0,0,0,0,2,1,0,0.0,5,0.167,0.0,0.167,1,6,0,0
672695,Geraldo Perdomo,109,Arizona Diamondbacks,25,161,98,33,5,20,83,94,173,0.29,597,0.389,0.462,0.851,27,720,276,100
672724,Oswald Peraza,108,Los Angeles Angels,25,106,24,6,0,5,80,17,40,0.164,244,0.223,0.25,0.473,9,265,61,20
672744,Alexander Canario,134,Pittsburgh Pirates,25,87,25,6,1,6,80,17,47,0.218,216,0.274,0.338,0.612,3,234,73,20
672761,Wenceel Pérez,116,Detroit Tigers,25,100,47,17,4,13,87,31,84,0.244,344,0.308,0.43,0.738,8,383,148,43
672820,Lenyn Sosa,145,Chicago White Sox,25,140,57,20,1,22,127,18,137,0.264,518,0.293,0.434,0.727,2,544,225,75
673237,Yainer Diaz,117,Houston Astros,26,143,56,25,1,20,95,20,139,0.256,542,0.284,0.417,0.701,1,567,226,70
673357,Luis Robert Jr.,145,Chicago White Sox,27,110,52,12,0,14,112,40,85,0.223,382,0.297,0.364,0.661,33,431,139,53
673490,Ha-Seong Kim,144,Atlanta Braves,29,48,19,4,0,5,39,16,40,0.234,171,0.304,0.345,0.649,6,191,59,17
673548,Seiya Suzuki,112,Chicago Cubs,30,151,75,31,3,32,164,71,140,0.245,571,0.326,0.478,0.804,5,651,273,103
673929,Jordan Leasure,145,Chicago White Sox,26,68,0,0,0,0,0,0,0,0.0,0,0.0,0.0,0.0,0,0,0,0
673962,Josh Jung,140,Texas Rangers,27,131,53,23,1,14,129,27,121,0.251,482,0.294,0.39,0.684,4,511,188,61
674441,Jacob Hurtubise,113,Cincinnati Reds,27,12,3,0,0,0,6,1,1,0.083,12,0.267,0.083,0.35,0,15,1,0
674444,Steven Cruz,118,Kansas City Royals,26,47,0,0,0,0,0,0,0,0.0,0,0.0,0.0,0.0,0,0,0,0
675659,Greg Jones,145,Chicago White Sox,27,3,0,0,0,0,2,0,0,0.0,2,0.0,0.0,0.0,1,2,0,0
675848,Juan Mejia,115,Colorado Rockies,24,55,0,0,0,0,0,0,0,0.0,0,0.0,0.0,0.0,0,0,0,0
675915,David Bañuelos,110,Baltimore Orioles,28,1,0,0,0,0,1,0,0,0.0,1,0.5,0.0,0.5,0,2,0,0
676044,Bob Seymour,139,Tampa Bay Rays,26,26,9,1,1,1,32,4,16,0.205,78,0.253,0.282,0.535,1,83,22,5
676059,Jordan Westburg,110,Baltimore Orioles,26,85,59,10,1,17,80,17,87,0.265,328,0.313,0.457,0.77,1,352,150,41
676070,Jacob Amaya,145,Chicago White Sox,26,37,7,1,0,0,16,3,7,0.106,66,0.139,0.121,0.26,2,73,8,8
676106,Emerson Hancock,136,Seattle Mariners,26,22,0,0,0,0,0,0,0,0.0,0,0.0,0.0,0.0,0,0,0,0
676116,Ryan Noda,110,Baltimore Orioles,29,23,3,0,0,1,25,11,5,0.106,47,0.276,0.17,0.446,1,59,8,2
676254,Ryan Walker,137,San Francisco Giants,29,68,0,0,0,0,0,0,0,0.0,0,0.0,0.0,0.0,0,0,0,0
676356,Jonny DeLuca,139,Tampa Bay Rays,26,20,5,1,3,0,13,2,19,0.333,57,0.356,0.456,0.812,6,59,26,4
676391,Ernie Clement,141,Toronto Blue Jays,29,157,83,35,2,9,61,27,151,0.277,545,0.313,0.398,0.711,6,588,217,50
676395,Robert Garcia,140,Texas Rangers,29,71,0,0,0,0,0,0,0,0.0,0,0.0,0.0,0.0,0,0,0,0
676439,Hunter Feduccia,139,Tampa Bay Rays,28,38,5,5,0,0,29,15,13,0.148,88,0.267,0.205,0.472,1,105,18,8
676466,Jack Winkler,146,Miami Marlins,26,14,2,2,0,0,4,0,4,0.25,16,0.25,0.375,0.625,1,16,6,0
676475,Alec Burleson,138,St. Louis Cardinals,26,139,54,26,2,18,79,39,144,0.29,497,0.343,0.459,0.802,5,546,228,69
676477,Garrett Whitlock,111,Boston Red Sox,29,62,0,0,0,0,0,0,0,0.0,0,0.0,0.0,0.0,0,0,0,0
676480,José Barrero,138,St. Louis Cardinals,27,22,4,1,0,1,9,1,4,0.138,29,0.194,0.276,0.47,0,31,8,3
676551,Brewer Hicklen,116,Detroit Tigers,29,1,2,0,0,0,1,1,2,0.667,3,0.75,0.667,1.417,1,4,2,0
676571,PJ Poulin,120,Washington Nationals,28,28,0,0,0,0,0,0,0,0.0,0,0.0,0.0,0.0,0,0,0,0
676572,Eric Wagaman,146,Miami Marlins,27,140,56,28,3,9,100,32,119,0.25,476,0.296,0.378,0.674,4,514,180,53
676609,José Caballero,147,New York Yankees,28,126,52,18,1,5,98,47,74,0.236,314,0.339,0.347,0.686,49,370,109,36
676679,Luis Vázquez,110,Baltimore Orioles,25,36,6,1,0,1,14,3,8,0.16,50,0.208,0.24,0.448,2,53,12,3
676694,Jake Meyers,117,Houston Astros,29,104,53,15,2,3,67,31,100,0.292,343,0.354,0.373,0.727,16,381,128,24
676701,Alan Trejo,115,Colorado Rockies,29,14,3,2,0,0,7,1,7,0.175,40,0.19,0.225,0.415,0,43,9,1
676724,Jared Young,121,New York Mets,29,23,5,1,0,4,16,2,8,0.186,43,0.234,0.488,0.722,0,47,21,6
676801,Chas McCormick,117,Houston Astros,30,66,13,5,0,1,31,9,21,0.21,100,0.279,0.29,0.569,2,116,29,5
676812,Carson McCusker,142,Minnesota Twins,27,16,0,0,0,0,16,1,5,0.172,29,0.2,0.172,0.372,0,30,5,1
676914,Davis Schneider,141,Toronto Blue Jays,26,82,33,5,0,11,60,36,44,0.234,188,0.361,0.436,0.797,3,227,82,31
676917,Cade Cavalli,120,Washington Nationals,26,10,0,0,0,0,0,0,0,0.0,0,0.0,0.0,0.0,0,0,0,0
677008,Heston Kjerstad,110,Baltimore Orioles,26,54,16,5,2,4,45,6,30,0.192,156,0.24,0.327,0.567,1,167,51,19
677060,Chad Stevens,108,Los Angeles Angels,26,5,1,0,0,0,7,0,2,0.154,13,0.154,0.154,0.308,0,14,2,0
677347,Kyren Paris,108,Los Angeles Angels,23,44,20,4,1,6,59,10,24,0.19,126,0.266,0.381,0.647,7,140,48,11
677587,Brayan Rocchio,114,Cleveland Guardians,24,115,34,18,2,5,77,22,80,0.233,344,0.29,0.34,0.63,8,383,117,44
677588,José Tena,120,Washington Nationals,24,50,19,13,2,0,37,15,37,0.243,152,0.314,0.355,0.669,3,169,54,16
677592,Everson Pereira,139,Tampa Bay Rays,24,23,7,1,0,2,28,7,9,0.138,65,0.219,0.246,0.465,2,73,16,8
677594,Julio Rodríguez,136,Seattle Mariners,24,160,106,31,4,32,152,44,174,0.267,652,0.324,0.474,0.798,30,710,309,95
677595,Ronny Mauricio,121,New York Mets,24,61,19,6,0,6,54,15,38,0.226,168,0.293,0.369,0.662,4,184,62,10
677649,Ezequiel Duran,140,Texas Rangers,26,90,16,14,0,0,55,8,46,0.224,205,0.266,0.293,0.559,11,219,60,14
677800,Wilyer Abreu,111,Boston Red Sox,26,115,53,17,0,22,101,40,92,0.247,373,0.317,0.469,0.786,6,417,175,69
677870,Leo Jiménez,141,Toronto Blue Jays,24,18,2,0,0,1,8,2,2,0.069,29,0.129,0.172,0.301,0,32,5,1
677941,Jordyn Adams,110,Baltimore Orioles,25,10,1,0,0,0,2,0,0,0.0,5,0.0,0.0,0.0,0,5,0,0
677942,Blaze Alexander,109,Arizona Diamondbacks,26,74,31,12,1,7,86,22,53,0.23,230,0.323,0.383,0.706,4,266,88,28
677943,Will Banfield,113,Cincinnati Reds,25,7,0,0,0,0,6,0,1,0.1,10,0.1,0.1,0.2,0,10,1,0
677950,Alek Thomas,109,Arizona Diamondbacks,25,143,51,19,3,9,122,21,108,0.249,433,0.289,0.37,0.659,7,469,160,38
677951,Bobby Witt Jr.,118,Kansas City Royals,25,157,99,47,6,23,125,49,184,0.295,623,0.351,0.501,0.852,38,687,312,88
677956,Rece Hinds,113,Cincinnati Reds,24,15,6,1,0,2,21,1,5,0.116,43,0.136,0.279,0.415,0,44,12,3
678009,Parker Meadows,116,Detroit Tigers,25,58,22,6,2,4,56,21,41,0.215,191,0.291,0.33,0.621,4,213,63,16
678011,Anthony Seigler,158,Milwaukee Brewers,26,34,6,1,0,0,16,8,12,0.194,62,0.292,0.21,0.502,2,73,13,5
678020,Seth Halvorsen,115,Colorado Rockies,25,42,0,0,0,0,0,0,0,0.0,0,0.0,0.0,0.0,0,0,0,0
678225,Ji Hwan Bae,134,Pittsburgh Pirates,25,13,4,0,0,0,9,5,1,0.05,20,0.24,0.05,0.29,4,25,1,0
678246,Miguel Vargas,145,Chicago White Sox,25,138,80,32,2,16,100,56,118,0.234,504,0.316,0.401,0.717,6,569,202,60
678391,Jorbit Vivas,147,New York Yankees,24,29,6,2,0,1,13,5,9,0.161,56,0.266,0.25,0.516,0,66,14,5
678489,Jorge Barrosa,109,Arizona Diamondbacks,24,33,8,3,0,1,22,2,10,0.141,71,0.169,0.225,0.394,0,77,16,7
678554,Curtis Mead,145,Chicago White Sox,24,90,26,10,1,3,63,15,56,0.233,240,0.299,0.321,0.62,5,264,77,19
678606,Jose A. Ferrer,120,Washington Nationals,25,72,0,0,0,0,0,0,0,0.0,0,0.0,0.0,0.0,0,0,0,0
678662,Ezequiel Tovar,115,Colorado Rockies,23,95,44,18,4,9,98,21,91,0.253,360,0.294,0.4,0.694,5,390,144,33
678877,Jhonkensy Noel,114,Cleveland Guardians,23,69,19,2,0,6,52,4,24,0.162,148,0.183,0.297,0.48,0,153,44,13
678882,Ceddanne Rafaela,111,Boston Red Sox,24,156,84,34,4,16,117,28,136,0.249,546,0.295,0.414,0.709,20,587,226,63
678894,Liover Peguero,134,Pittsburgh Pirates,24,33,9,1,0,4,25,6,16,0.2,80,0.273,0.363,0.636,4,88,29,8
679032,Johan Rojas,143,Philadelphia Phillies,24,71,23,3,2,1,40,13,34,0.224,152,0.28,0.289,0.569,12,172,44,18
679529,Spencer Torkelson,116,Detroit Tigers,25,155,82,27,1,31,169,72,135,0.24,563,0.333,0.456,0.789,2,649,257,78
679631,Terrin Vavra,110,Baltimore Orioles,28,1,0,0,0,0,0,0,0,0.0,1,0.0,0.0,0.0,0,1,0,0
679775,Kyle Backhus,109,Arizona Diamondbacks,27,32,0,0,0,0,0,0,0,0.0,0,0.0,0.0,0.0,0,0,0,0
679822,Justin Foscue,140,Texas Rangers,26,4,0,1,0,0,3,0,1,0.111,9,0.111,0.222,0.333,0,9,2,2
679845,Nick Loftin,118,Kansas City Royals,26,67,17,9,2,4,27,14,35,0.208,168,0.278,0.357,0.635,1,188,60,20
679883,Luinder Avila,118,Kansas City Royals,23,13,0,0,0,0,0,0,0,0.0,0,0.0,0.0,0.0,0,0,0,0
679885,Justin Martinez,109,Arizona Diamondbacks,23,17,0,0,0,0,0,0,0,0.0,0,0.0,0.0,0.0,0,0,0,0
680118,Dairon Blanco,118,Kansas City Royals,32,9,2,1,0,0,2,0,1,0.167,6,0.167,0.333,0.5,3,8,2,1
680474,Max Schuemann,133,Athletics,28,101,20,4,2,2,35,22,36,0.197,183,0.295,0.273,0.568,7,213,50,13
680574,Matt McLain,113,Cincinnati Reds,25,147,73,18,0,15,167,55,112,0.22,510,0.3,0.343,0.643,18,577,175,50
680577,DaShawn Keirsey Jr.,142,Minnesota Twins,28,74,11,0,0,2,33,2,9,0.107,84,0.138,0.179,0.317,10,88,15,6
680700,Richie Palacios,139,Tampa Bay Rays,28,17,10,2,0,1,9,5,14,0.333,42,0.396,0.452,0.848,4,48,19,3
680704,Nick Sandlin,141,Toronto Blue Jays,28,19,0,0,0,0,0,0,0,0.0,0,0.0,0.0,0.0,0,0,0,0
680716,Jonathan Ornelas,144,Atlanta Braves,25,6,1,0,0,0,3,1,2,0.222,9,0.3,0.222,0.522,0,10,2,0
680718,Addison Barger,141,Toronto Blue Jays,25,135,61,32,1,21,121,36,112,0.243,460,0.301,0.454,0.755,4,502,209,74
680728,Adrian Del Castillo,109,Arizona Diamondbacks,25,44,9,6,0,4,47,8,29,0.242,120,0.29,0.392,0.682,0,131,47,17
680737,Michael Helman,140,Texas Rangers,29,38,18,5,1,5,21,7,23,0.232,99,0.29,0.455,0.745,4,110,45,20
680757,Steven Kwan,114,Cleveland Guardians,27,156,81,29,1,11,60,55,170,0.272,625,0.33,0.374,0.704,21,693,234,56
680767,Victor Vodnik,115,Colorado Rockies,25,52,0,0,0,0,0,0,0,0.0,0,0.0,0.0,0.0,0,0,0,0
680769,CJ Alexander,133,Athletics,28,6,0,0,0,0,8,0,3,0.176,17,0.176,0.176,0.352,0,17,3,0
680776,Jarren Duran,111,Boston Red Sox,28,157,86,41,13,16,169,60,159,0.256,620,0.332,0.442,0.774,24,696,274,84
680777,Ryan Jeffers,142,Minnesota Twins,28,119,47,26,0,9,91,50,108,0.266,406,0.356,0.397,0.753,1,464,161,47
680779,Henry Davis,134,Pittsburgh Pirates,25,87,25,7,0,7,76,18,42,0.167,252,0.234,0.278,0.512,2,283,70,22
680837,Ryan Fitzgerald,142,Minnesota Twins,31,24,10,0,0,4,8,7,9,0.196,46,0.302,0.457,0.759,1,53,21,9
680862,Willie MacIver,133,Athletics,28,33,7,5,0,3,27,7,19,0.186,102,0.252,0.324,0.576,3,111,33,9
680869,Zack Gelof,133,Athletics,25,30,12,3,0,2,46,7,16,0.174,92,0.23,0.272,0.502,1,101,25,7
680911,Owen Miller,115,Colorado Rockies,28,9,0,0,0,0,4,2,2,0.143,14,0.294,0.143,0.437,1,17,2,1
680977,Brendan Donovan,138,St. Louis Cardinals,28,118,64,32,0,10,67,42,132,0.287,460,0.353,0.422,0.775,3,515,194,50
681082,Bryson Stott,143,Philadelphia Phillies,27,147,66,22,3,13,91,54,128,0.257,499,0.328,0.391,0.719,24,560,195,66
681146,Jonah Bride,142,Minnesota Twins,29,45,7,2,0,0,39,11,19,0.17,112,0.248,0.188,0.436,0,125,21,5
681168,Luis Curvelo,140,Texas Rangers,24,17,0,0,0,0,0,0,0,0.0,0,0.0,0.0,0.0,0,0,0,0
681297,Colton Cowser,110,Baltimore Orioles,25,92,36,14,0,16,128,27,64,0.196,327,0.269,0.385,0.654,14,360,126,40
681351,Logan O'Hoppe,108,Los Angeles Angels,25,119,35,8,1,19,139,24,90,0.213,423,0.258,0.371,0.629,2,451,157,43
681393,Connor Norby,146,Miami Marlins,25,88,42,17,1,8,90,18,78,0.251,311,0.3,0.389,0.689,8,337,121,34
681460,Brooks Baldwin,145,Chicago White Sox,24,103,32,15,1,11,86,21,72,0.24,300,0.29,0.407,0.697,5,328,122,38
681481,Kerry Carpenter,116,Detroit Tigers,27,130,66,18,5,26,106,18,109,0.252,433,0.291,0.497,0.788,1,464,215,62
681508,Mickey Gasper,142,Minnesota Twins,29,45,15,1,0,2,20,10,15,0.158,95,0.257,0.232,0.489,2,110,22,11
681546,James Outman,142,Minnesota Twins,28,59,19,5,1,6,63,12,18,0.134,134,0.216,0.321,0.537,1,148,43,11
681584,David Villar,137,San Francisco Giants,28,9,4,1,0,0,5,4,4,0.2,20,0.36,0.25,0.61,0,25,5,1
681624,Andy Pages,119,Los Angeles Dodgers,24,156,74,27,1,27,135,29,158,0.272,581,0.313,0.461,0.774,14,624,268,86
681715,Heriberto Hernández,146,Miami Marlins,25,87,40,12,1,10,77,31,68,0.266,256,0.347,0.438,0.785,1,294,112,45
681807,David Fry,114,Cleveland Guardians,29,66,16,4,0,8,58,9,25,0.171,146,0.229,0.363,0.592,1,157,53,23
681892,Kody Funderburk,142,Minnesota Twins,28,39,0,0,0,0,0,0,0,0.0,0,0.0,0.0,0.0,0,0,0,0
681909,Justin Dean,119,Los Angeles Dodgers,28,18,0,0,0,0,1,0,0,0.0,2,0.0,0.0,0.0,1,2,0,0
681962,Vinny Capra,145,Chicago White Sox,28,47,10,2,0,1,25,3,12,0.125,96,0.157,0.177,0.334,2,105,17,6
681987,Nate Eaton,111,Boston Red Sox,28,41,16,4,0,1,19,6,24,0.296,81,0.348,0.383,0.731,9,90,31,4
682120,Tim Herrin,114,Cleveland Guardians,28,54,0,0,0,0,0,0,0,0.0,0,0.0,0.0,0.0,0,0,0,0
682177,Daniel Schneemann,114,Cleveland Guardians,28,131,48,18,1,12,117,38,78,0.206,379,0.283,0.354,0.637,9,422,134,41
682183,Drew Avans,158,Milwaukee Brewers,29,8,1,0,0,0,6,0,2,0.118,17,0.111,0.118,0.229,1,18,2,1
682515,Logan Porter,137,San Francisco Giants,29,5,2,0,0,0,2,1,1,0.143,7,0.333,0.143,0.476,0,9,1,1
682622,Noelvi Marte,113,Cincinnati Reds,23,90,45,17,2,14,85,16,89,0.263,339,0.3,0.448,0.748,10,360,152,51
682626,Francisco Alvarez,121,New York Mets,23,76,32,12,1,11,73,27,63,0.256,246,0.339,0.447,0.786,0,277,110,32
682634,Kevin Alcántara,112,Chicago Cubs,22,10,2,0,0,0,4,1,4,0.364,11,0.417,0.364,0.781,1,12,4,1
682641,Luis Matos,137,San Francisco Giants,23,57,26,9,1,8,27,11,38,0.221,172,0.266,0.424,0.69,4,184,73,22
682653,Warming Bernabel,115,Colorado Rockies,23,40,15,8,1,4,25,7,35,0.252,139,0.288,0.41,0.698,1,146,57,14
682657,Angel Martínez,114,Cleveland Guardians,23,139,56,23,2,11,110,23,100,0.224,446,0.269,0.359,0.628,8,484,160,45
682663,Agustín Ramírez,146,Miami Marlins,23,136,72,33,1,21,113,36,124,0.231,537,0.287,0.413,0.7,16,585,222,67
682668,Luisangel Acuña,121,New York Mets,23,95,30,7,0,0,37,13,41,0.234,175,0.293,0.274,0.567,16,193,48,8
682729,Jonatan Clase,141,Toronto Blue Jays,23,34,10,3,0,2,28,10,21,0.21,100,0.288,0.3,0.588,3,112,30,9
682829,Elly De La Cruz,113,Cincinnati Reds,23,162,102,31,7,22,181,67,166,0.264,629,0.336,0.44,0.776,37,699,277,86
682848,Endy Rodríguez,134,Pittsburgh Pirates,25,18,5,4,0,0,14,5,9,0.173,52,0.246,0.25,0.496,0,57,13,2
682868,Bryan Ramos,145,Chicago White Sox,23,4,1,2,0,0,4,0,2,0.167,12,0.167,0.333,0.5,0,12,4,2
682927,Ronny Simon,134,Pittsburgh Pirates,25,27,10,3,0,0,15,8,18,0.234,77,0.299,0.273,0.572,1,88,21,7
682928,CJ Abrams,120,Washington Nationals,24,144,92,35,5,19,125,37,149,0.257,580,0.315,0.433,0.748,31,635,251,60
682985,Riley Greene,116,Detroit Tigers,24,157,84,31,1,36,201,46,155,0.258,600,0.313,0.493,0.806,2,655,296,111
682988,Tyler Locklear,109,Arizona Diamondbacks,24,31,11,0,0,3,43,10,18,0.175,103,0.267,0.262,0.529,3,116,27,6
682997,Tyler Callihan,113,Cincinnati Reds,25,4,0,0,0,0,1,0,1,0.167,6,0.167,0.167,0.334,0,6,1,1
682998,Corbin Carroll,109,Arizona Diamondbacks,24,143,107,32,17,31,153,67,146,0.259,564,0.343,0.541,0.884,32,642,305,84
683002,Gunnar Henderson,110,Baltimore Orioles,24,154,85,34,5,17,137,62,158,0.274,577,0.349,0.438,0.787,30,651,253,68
683004,Jack Leiter,140,Texas Rangers,25,30,0,0,0,0,1,0,0,0.0,1,0.0,0.0,0.0,0,1,0,0
683011,Anthony Volpe,147,New York Yankees,24,153,65,32,4,19,150,43,114,0.212,539,0.272,0.391,0.663,18,596,211,72
683021,Michael Stefanic,141,Toronto Blue Jays,29,9,1,0,0,0,3,3,4,0.182,22,0.28,0.182,0.462,0,25,4,0
683083,Nasim Nuñez,120,Washington Nationals,24,39,13,2,0,4,20,8,19,0.232,82,0.297,0.402,0.699,9,92,33,13
683090,Matthew Lugo,108,Los Angeles Angels,24,31,9,2,1,4,24,0,16,0.232,69,0.243,0.464,0.707,0,70,32,9
683146,Brett Baty,121,New York Mets,25,130,53,13,2,18,108,33,100,0.254,393,0.313,0.435,0.748,8,432,171,50
683227,Cody Freeman,140,Texas Rangers,24,36,13,4,0,3,19,5,26,0.228,114,0.258,0.342,0.6,1,121,39,15
683357,Owen Caissie,112,Chicago Cubs,22,12,4,1,0,1,11,1,5,0.192,26,0.222,0.346,0.568,0,27,9,4
683409,Angel Chivilli,115,Colorado Rockies,22,43,0,0,0,0,0,0,0,0.0,0,0.0,0.0,0.0,0,0,0,0
683734,Andrew Vaughn,158,Milwaukee Brewers,27,112,35,22,0,14,80,31,103,0.254,406,0.307,0.411,0.718,0,447,167,65
683737,Michael Busch,112,Chicago Cubs,27,155,78,25,5,34,139,56,137,0.261,524,0.343,0.523,0.866,4,592,274,90
683748,Victor Mesa Jr.,146,Miami Marlins,23,16,7,2,0,1,5,5,6,0.188,32,0.297,0.344,0.641,0,38,11,6
683766,Christian Koss,137,San Francisco Giants,27,76,25,9,0,3,45,9,46,0.264,174,0.309,0.368,0.677,4,191,64,23
683770,Will Robertson,145,Chicago White Sox,27,27,2,1,0,0,27,2,9,0.129,70,0.173,0.143,0.316,0,75,10,9
685301,Matt Gorski,134,Pittsburgh Pirates,27,15,2,0,1,2,16,1,8,0.195,41,0.214,0.39,0.604,0,42,16,4
685314,Andrew Saalfrank,109,Arizona Diamondbacks,27,28,0,0,0,0,0,0,0,0.0,0,0.0,0.0,0.0,0,0,0,0
685744,Kenedy Corona,117,Houston Astros,25,3,0,0,0,0,1,2,0,0.0,2,0.5,0.0,0.5,0,4,0,0
686217,Sal Frelick,158,Milwaukee Brewers,25,142,76,20,3,12,80,47,152,0.288,528,0.351,0.405,0.756,19,594,214,63
686452,Drew Millas,120,Washington Nationals,27,18,6,5,1,0,7,4,15,0.306,49,0.358,0.449,0.807,2,55,22,7
686469,Vinnie Pasquantino,118,Kansas City Royals,27,160,72,33,1,32,107,49,164,0.264,621,0.323,0.475,0.798,1,682,295,113
686475,Tyler Tolbert,118,Kansas City Royals,27,64,19,2,0,1,11,1,14,0.28,50,0.321,0.38,0.701,21,57,19,6
686527,Dominic Canzone,136,Seattle Mariners,27,82,30,11,0,11,59,20,73,0.3,243,0.358,0.481,0.839,3,269,117,32
686554,Oliver Dunn,158,Milwaukee Brewers,27,14,4,2,0,0,11,2,6,0.167,36,0.205,0.222,0.427,1,41,8,6
686555,Isaac Collins,158,Milwaukee Brewers,27,130,56,22,3,9,93,57,98,0.263,372,0.368,0.411,0.779,16,441,153,54
686611,Dylan Crews,120,Washington Nationals,23,85,43,8,2,10,76,24,61,0.208,293,0.28,0.352,0.632,17,322,103,27
686668,Brenton Doyle,115,Colorado Rockies,27,138,57,23,2,15,138,30,117,0.233,502,0.274,0.376,0.65,18,538,189,57
686676,Korey Lee,145,Chicago White Sox,26,26,10,3,0,1,7,4,9,0.257,35,0.333,0.429,0.762,0,40,15,3
686681,Michael Massey,118,Kansas City Royals,27,77,20,9,0,3,43,9,64,0.244,262,0.268,0.313,0.581,2,277,82,20
686753,Drey Jameson,109,Arizona Diamondbacks,27,3,0,0,0,0,0,0,0,0.0,0,0.0,0.0,0.0,0,0,0,0
686765,Nick Sogard,111,Boston Red Sox,27,30,13,8,0,0,24,5,25,0.26,96,0.317,0.344,0.661,2,104,33,9
686780,Pedro Pagés,138,St. Louis Cardinals,26,112,38,15,0,11,107,19,83,0.23,361,0.272,0.363,0.635,0,389,131,45
686797,Brooks Lee,142,Minnesota Twins,24,139,50,15,1,16,92,31,115,0.236,487,0.285,0.37,0.655,3,527,180,64
686823,Will Brennan,114,Cleveland Guardians,27,6,0,0,0,0,1,1,1,0.091,11,0.231,0.091,0.322,0,13,1,0
686894,Joey Wiemer,146,Miami Marlins,26,27,7,2,0,3,23,2,13,0.236,55,0.279,0.436,0.715,0,61,24,12
686948,Drake Baldwin,144,Atlanta Braves,24,124,56,18,2,19,68,38,111,0.274,405,0.341,0.469,0.81,0,446,190,80
687074,Tyler Owens,116,Detroit Tigers,24,3,0,0,0,0,0,0,0,0.0,0,0.0,0.0,0.0,0,0,0,0
687221,Dalton Rushing,119,Los Angeles Dodgers,24,53,15,5,0,4,58,10,29,0.204,142,0.258,0.324,0.582,0,155,46,24
687231,Darell Hernaiz,133,Athletics,23,51,17,5,1,2,24,17,40,0.231,173,0.292,0.306,0.598,3,197,53,16
687263,Zach Neto,108,Los Angeles Angels,24,128,82,29,1,26,149,33,129,0.257,502,0.319,0.474,0.793,26,554,238,62
687330,Kevin Kelly,139,Tampa Bay Rays,27,41,0,0,0,0,0,0,0,0.0,0,0.0,0.0,0.0,0,0,0,0
687363,Victor Scott II,138,St. Louis Cardinals,24,138,54,15,1,5,111,42,86,0.216,398,0.305,0.296,0.601,34,463,118,37
687401,Joey Ortiz,158,Milwaukee Brewers,26,149,62,18,1,7,74,27,108,0.23,470,0.276,0.317,0.593,14,506,149,45
687462,Spencer Horwitz,134,Pittsburgh Pirates,27,108,55,26,0,11,73,44,99,0.272,364,0.353,0.434,0.787,0,411,158,51
687478,Cam Devanney,134,Pittsburgh Pirates,28,14,1,1,0,0,21,2,5,0.139,36,0.184,0.167,0.351,0,38,6,1
687515,Colby Thomas,133,Athletics,24,49,20,5,0,6,49,7,27,0.225,120,0.267,0.417,0.684,2,132,50,19
687529,Grant McCray,137,San Francisco Giants,24,22,3,0,1,0,11,2,2,0.091,22,0.16,0.182,0.342,0,26,4,2
687551,Drew Gilbert,137,San Francisco Giants,24,39,12,5,1,3,20,7,19,0.19,100,0.248,0.35,0.598,1,109,35,13
687597,Jordan Beck,115,Colorado Rockies,24,148,62,27,5,16,174,43,139,0.258,539,0.317,0.416,0.733,19,588,224,53
687637,Dylan Beavers,110,Baltimore Orioles,23,35,16,5,1,4,36,26,25,0.227,110,0.375,0.4,0.775,2,137,44,14
687859,Troy Johnston,146,Miami Marlins,28,44,12,2,1,4,26,8,31,0.277,112,0.331,0.42,0.751,2,121,47,13
687952,Christian Encarnacion-Strand,113,Cincinnati Reds,25,36,13,4,0,6,32,3,27,0.208,130,0.234,0.377,0.611,0,137,49,19
687957,Dustin Harris,140,Texas Rangers,25,19,5,3,0,1,13,3,8,0.2,40,0.256,0.35,0.606,1,43,14,2
688363,Graham Pauley,146,Miami Marlins,24,62,18,9,1,4,36,21,36,0.224,161,0.311,0.366,0.677,2,184,59,11
688642,Zach Agnos,115,Colorado Rockies,24,30,0,0,0,0,0,0,0,0.0,0,0.0,0.0,0.0,0,0,0,0
688760,Blaine Crim,115,Colorado Rockies,28,20,10,2,0,5,28,6,13,0.2,65,0.27,0.462,0.732,0,74,30,12
689041,Rhylan Thomas,136,Seattle Mariners,25,3,2,1,0,0,0,1,1,0.125,8,0.2,0.25,0.45,0,10,2,2
689172,Brett Wisely,144,Atlanta Braves,26,26,5,4,0,1,14,7,10,0.185,54,0.279,0.315,0.594,1,63,17,10
689200,Jacob Melton,117,Houston Astros,24,32,7,0,1,0,29,6,11,0.157,70,0.234,0.186,0.42,7,78,13,7
689414,Liam Hicks,146,Miami Marlins,26,119,37,13,1,6,56,43,82,0.247,332,0.346,0.346,0.692,2,390,115,45
690022,Ryan Ritter,115,Colorado Rockies,24,60,22,9,3,1,61,10,45,0.241,187,0.296,0.337,0.633,3,207,63,18
690291,Jace Jung,116,Detroit Tigers,24,21,8,0,0,0,16,7,5,0.106,47,0.236,0.106,0.342,0,55,5,3
690924,Braxton Fulford,115,Colorado Rockies,26,38,11,5,2,1,36,7,23,0.213,108,0.267,0.324,0.591,1,120,35,16
690953,Mick Abel,143,Philadelphia Phillies,23,7,0,0,0,0,0,0,0,0.0,0,0.0,0.0,0.0,0,0,0,0
690976,Alex Freeland,119,Los Angeles Dodgers,23,29,10,2,1,2,35,11,16,0.19,84,0.292,0.31,0.602,1,97,26,6
690984,Petey Halpin,114,Cleveland Guardians,23,6,5,0,0,0,2,2,2,0.333,6,0.5,0.333,0.833,0,8,2,0
690987,Robert Hassell III,120,Washington Nationals,23,70,22,9,0,3,62,8,44,0.223,197,0.257,0.315,0.572,4,206,62,18
690993,Colt Keith,116,Detroit Tigers,23,137,65,22,2,13,102,48,106,0.256,414,0.333,0.413,0.746,1,468,171,45
691011,Drew Romo,115,Colorado Rockies,23,3,0,0,0,0,3,0,0,0.0,3,0.0,0.0,0.0,0,3,0,0
691016,Tyler Soderstrom,133,Athletics,23,158,75,34,1,25,141,55,155,0.276,561,0.346,0.474,0.82,8,624,266,93
691019,Kyle Teel,145,Chicago White Sox,23,78,38,11,0,8,77,37,69,0.273,253,0.375,0.411,0.786,3,297,104,35
691023,Jordan Walker,138,St. Louis Cardinals,23,111,40,13,1,6,126,29,78,0.215,363,0.278,0.306,0.584,10,396,111,41
691026,Masyn Winn,138,St. Louis Cardinals,23,129,72,27,0,9,102,34,124,0.253,491,0.31,0.363,0.673,9,537,178,51
691176,Jasson Domínguez,147,New York Yankees,22,123,58,18,1,10,115,41,98,0.257,381,0.331,0.388,0.719,23,429,148,47
691182,Adael Amador,115,Colorado Rockies,22,41,5,7,0,1,27,11,20,0.177,113,0.256,0.265,0.521,1,128,30,10
691185,Maximo Acosta,146,Miami Marlins,22,19,7,1,0,3,17,6,11,0.204,54,0.295,0.389,0.684,1,61,21,5
691373,Jhostynxon Garcia,111,Boston Red Sox,22,5,0,1,0,0,5,2,1,0.143,7,0.333,0.286,0.619,0,9,2,0
691406,Junior Caminero,139,Tampa Bay Rays,21,154,93,28,0,45,125,41,159,0.264,602,0.311,0.535,0.846,7,653,322,110
691594,Javier Sanoja,146,Miami Marlins,22,120,40,22,4,6,41,19,76,0.243,313,0.287,0.396,0.683,6,342,124,38
691718,Pete Crow-Armstrong,112,Chicago Cubs,23,157,91,37,4,31,155,29,146,0.247,591,0.287,0.481,0.768,35,647,284,95
691720,Kyle Karros,115,Colorado Rockies,22,43,20,4,0,1,41,15,31,0.226,137,0.308,0.277,0.585,0,156,38,9
691723,Coby Mayo,110,Baltimore Orioles,23,85,30,12,0,11,84,27,57,0.217,263,0.299,0.388,0.687,3,294,102,28
691728,Zac Veen,115,Colorado Rockies,23,12,1,1,0,1,14,2,4,0.118,34,0.189,0.235,0.424,1,37,8,2
691777,Max Muncy,133,Athletics,22,63,17,7,0,9,68,10,44,0.214,206,0.259,0.379,0.638,1,220,78,23
691781,Brady House,120,Washington Nationals,22,73,26,11,0,4,78,8,61,0.234,261,0.252,0.322,0.574,5,274,84,29
691783,Jordan Lawlar,109,Arizona Diamondbacks,22,28,9,7,0,0,26,6,12,0.182,66,0.257,0.288,0.545,2,74,19,5
691785,Marcelo Mayer,111,Boston Red Sox,22,44,20,8,1,4,41,8,29,0.228,127,0.272,0.402,0.674,0,136,51,10
691907,Tsung-Che Cheng,134,Pittsburgh Pirates,23,3,0,0,0,0,3,0,0,0.0,7,0.0,0.0,0.0,0,7,0,0
692216,C.J. Kayfus,114,Cleveland Guardians,23,44,16,10,1,4,38,11,27,0.22,123,0.292,0.415,0.707,4,138,51,19
692225,Kristian Campbell,111,Boston Red Sox,23,67,24,10,0,6,72,29,51,0.223,229,0.319,0.345,0.664,2,263,79,21
692585,Yanquiel Fernández,115,Colorado Rockies,22,52,13,5,0,4,44,8,31,0.225,138,0.265,0.348,0.613,0,147,48,11
693304,Nick Gonzales,134,Pittsburgh Pirates,26,96,39,18,3,5,73,21,99,0.26,381,0.299,0.362,0.661,0,408,138,30
693307,Dillon Dingler,116,Detroit Tigers,26,126,54,21,2,13,110,23,121,0.278,435,0.327,0.425,0.752,0,469,185,57
693409,César Prieto,138,St. Louis Cardinals,26,3,0,0,0,0,5,0,1,0.167,6,0.167,0.167,0.334,0,6,1,0
694192,Jackson Chourio,158,Milwaukee Brewers,21,131,88,35,4,21,121,30,148,0.27,549,0.308,0.463,0.771,21,589,254,78
694203,Denzer Guzman,108,Los Angeles Angels,21,13,4,1,0,2,22,1,8,0.19,42,0.209,0.357,0.566,0,43,15,3
694208,Moisés Ballesteros,112,Chicago Cubs,21,20,12,2,1,2,12,9,17,0.298,57,0.394,0.474,0.868,0,66,27,11
694212,Samuel Basallo,110,Baltimore Orioles,20,31,10,6,0,4,30,6,18,0.165,109,0.229,0.33,0.559,0,118,36,15
694359,Niko Kavadas,108,Los Angeles Angels,26,10,0,0,0,0,10,3,2,0.1,20,0.217,0.1,0.317,0,23,2,0
694362,Blake Dunn,113,Cincinnati Reds,26,30,10,2,0,1,25,8,9,0.15,60,0.32,0.233,0.553,1,75,14,7
694374,Tim Tawa,109,Arizona Diamondbacks,26,74,29,8,0,7,64,20,40,0.201,199,0.274,0.347,0.621,8,225,69,18
694376,Shay Whitcomb,117,Houston Astros,26,20,4,0,0,1,10,0,4,0.125,32,0.125,0.219,0.344,0,32,7,1
694377,Nick Yorke,134,Pittsburgh Pirates,23,22,7,3,0,1,15,3,16,0.232,69,0.264,0.319,0.583,1,72,22,8
694384,Nolan Schanuel,108,Los Angeles Angels,23,132,64,23,1,12,71,59,129,0.264,488,0.353,0.389,0.742,5,564,190,53
694388,Joey Loperfido,141,Toronto Blue Jays,26,41,12,4,0,4,27,4,32,0.333,96,0.379,0.5,0.879,1,104,48,14
694497,Evan Carter,140,Texas Rangers,22,63,31,9,2,5,41,19,48,0.247,194,0.336,0.392,0.728,14,220,76,25
694671,Wyatt Langford,140,Texas Rangers,23,134,73,25,1,22,151,74,118,0.241,489,0.344,0.431,0.775,22,573,211,62
694728,Brice Matthews,117,Houston Astros,23,13,6,0,0,4,20,2,7,0.167,42,0.222,0.452,0.674,1,47,19,9
695238,Will Wagner,135,San Diego Padres,26,55,15,7,0,0,28,17,29,0.225,129,0.324,0.279,0.603,1,149,36,7
695257,Billy Cook,134,Pittsburgh Pirates,26,3,1,0,0,0,1,0,2,0.333,6,0.333,0.333,0.666,0,6,2,0
695336,Thomas Saggese,138,St. Louis Cardinals,23,82,25,17,0,2,83,16,71,0.258,275,0.299,0.342,0.641,3,295,94,25
695391,Brett Harris,133,Athletics,27,32,11,5,0,0,21,7,20,0.274,73,0.349,0.342,0.691,1,84,25,5
695506,Jac Caglianone,118,Kansas City Royals,22,62,19,6,1,7,52,18,33,0.157,210,0.237,0.295,0.532,1,232,62,18
695578,James Wood,120,Washington Nationals,22,157,87,38,0,31,221,85,153,0.256,598,0.35,0.475,0.825,15,689,284,94
695600,Carter Jensen,118,Kansas City Royals,21,20,12,6,0,3,12,9,18,0.3,60,0.391,0.55,0.941,0,69,33,13
695657,Colson Montgomery,145,Chicago White Sox,23,71,43,9,1,21,83,25,61,0.239,255,0.311,0.529,0.84,0,284,135,55
695670,Harry Ford,136,Seattle Mariners,22,8,1,0,0,0,3,0,1,0.167,6,0.25,0.167,0.417,0,8,1,1
695681,Christian Moore,108,Los Angeles Angels,22,53,20,5,1,7,62,19,32,0.198,162,0.284,0.37,0.654,3,184,60,16
695734,Daylen Lile,120,Washington Nationals,22,91,51,15,11,9,56,21,96,0.299,321,0.347,0.498,0.845,8,351,160,41
696030,Alejandro Osuna,140,Texas Rangers,22,63,12,4,0,2,34,21,32,0.212,151,0.313,0.278,0.591,5,176,42,15
696100,Hunter Goodman,115,Colorado Rockies,25,144,73,28,5,31,152,33,150,0.278,540,0.323,0.52,0.843,1,579,281,91
696285,Jacob Young,120,Washington Nationals,25,120,34,10,1,2,65,27,75,0.231,324,0.296,0.287,0.583,15,364,93,31
699625,Jimmy Crooks,138,St. Louis Cardinals,23,15,3,0,1,1,17,0,6,0.133,45,0.152,0.244,0.396,0,46,11,1
700242,Trey Sweeney,116,Detroit Tigers,25,118,36,6,2,6,92,26,58,0.196,296,0.258,0.291,0.549,3,326,86,32
700246,Carson Williams,139,Tampa Bay Rays,22,32,11,3,0,5,44,6,17,0.172,99,0.219,0.354,0.573,2,106,35,12
700250,Ben Rice,147,New York Yankees,26,138,74,28,4,26,100,50,119,0.255,467,0.337,0.499,0.836,3,530,233,65
700337,Edgar Quero,145,Chicago White Sox,22,111,31,17,0,5,71,32,98,0.268,365,0.333,0.356,0.689,0,403,130,36
700932,Kyle Manzardo,114,Cleveland Guardians,24,142,47,19,2,27,135,48,110,0.234,470,0.313,0.455,0.768,2,531,214,70
701305,Zach Dezenzo,117,Houston Astros,25,34,17,6,0,2,37,11,24,0.245,98,0.321,0.367,0.688,1,109,36,10
701350,Roman Anthony,111,Boston Red Sox,21,71,48,18,1,8,84,40,75,0.292,257,0.396,0.463,0.859,4,303,119,32
701358,Cam Smith,117,Houston Astros,22,134,55,21,3,9,137,43,104,0.236,441,0.312,0.358,0.67,8,493,158,51
701398,Sal Stewart,113,Cincinnati Reds,21,18,11,1,0,5,15,3,14,0.255,55,0.293,0.545,0.838,0,58,30,8
701538,Jackson Merrill,135,San Diego Padres,22,115,59,25,6,16,108,33,116,0.264,440,0.317,0.457,0.774,1,483,201,67
701675,Nathan Church,138,St. Louis Cardinals,24,27,9,1,0,1,18,3,10,0.179,56,0.254,0.25,0.504,1,65,14,8
701762,Nick Kurtz,133,Athletics,22,117,90,26,2,36,151,63,122,0.29,420,0.383,0.619,1.002,2,489,260,86
702176,Alan Roden,142,Minnesota Twins,25,55,17,6,1,2,37,8,26,0.191,136,0.261,0.294,0.555,1,153,40,9
702284,Cole Young,136,Seattle Mariners,21,77,24,7,1,4,47,28,47,0.211,223,0.302,0.305,0.607,1,257,68,24
702332,Caleb Durbin,158,Milwaukee Brewers,25,136,60,25,0,11,50,30,114,0.256,445,0.334,0.387,0.721,18,506,172,53
702358,Trey Lipscomb,120,Washington Nationals,25,3,1,0,0,0,1,0,2,0.5,4,0.5,0.5,1.0,0,4,2,0
702616,Jackson Holliday,110,Baltimore Orioles,21,149,70,21,3,17,140,56,142,0.242,586,0.314,0.375,0.689,17,649,220,55
802415,Chandler Simpson,139,Tampa Bay Rays,24,109,53,15,3,0,43,20,122,0.295,414,0.326,0.345,0.671,44,441,143,26
804668,Rafael Flores,134,Pittsburgh Pirates,24,7,0,2,0,0,7,2,3,0.2,15,0.294,0.333,0.627,0,17,5,0
805249,Otto Kemp,143,Philadelphia Phillies,25,62,26,11,0,8,67,12,46,0.234,197,0.298,0.411,0.709,2,218,81,28
805299,Brandyn Garcia,109,Arizona Diamondbacks,25,12,0,0,0,0,0,0,0,0.0,0,0.0,0.0,0.0,0,0,0,0
805300,Jakob Marsee,146,Miami Marlins,24,55,28,18,3,5,48,22,61,0.292,209,0.363,0.478,0.841,14,234,100,33
805367,Chase Meidroth,145,Chicago White Sox,23,122,54,15,0,5,72,45,114,0.253,450,0.329,0.32,0.649,14,505,144,23
805373,Nacho Alvarez Jr.,144,Atlanta Braves,22,58,18,12,0,2,49,12,44,0.234,188,0.296,0.33,0.626,0,208,62,15
805779,Jacob Wilson,133,Athletics,23,125,62,26,0,13,39,27,151,0.311,486,0.355,0.444,0.799,5,523,216,63
805811,Bryce Eldridge,137,San Francisco Giants,20,10,1,2,0,0,13,7,3,0.107,28,0.297,0.179,0.476,0,37,5,4
805904,Zach Cole,117,Houston Astros,24,15,9,2,0,4,20,5,12,0.255,47,0.327,0.553,0.88,3,52,26,11
806185,Hayden Birdsong,137,San Francisco Giants,23,21,0,0,0,0,0,0,0,0.0,0,0.0,0.0,0.0,0,0,0,0
807712,Luke Keaschall,142,Minnesota Twins,22,49,25,14,0,4,29,19,55,0.302,182,0.382,0.445,0.827,14,207,81,28
807713,Matt Shaw,112,Chicago Cubs,23,126,57,21,3,13,94,38,89,0.226,393,0.295,0.394,0.689,17,437,155,44
807799,Masataka Yoshida,111,Boston Red Sox,31,55,16,11,0,4,24,10,50,0.266,188,0.307,0.388,0.695,3,205,73,26
808975,Hyeseong Kim,119,Los Angeles Dodgers,26,71,19,6,1,3,52,7,45,0.28,161,0.314,0.385,0.699,13,170,62,17
808982,Jung Hoo Lee,137,San Francisco Giants,26,150,73,31,12,8,71,47,149,0.266,560,0.327,0.407,0.734,10,617,228,55
810938,Ben Williamson,136,Seattle Mariners,24,85,36,13,0,1,64,15,70,0.253,277,0.294,0.31,0.604,5,295,86,21
829272,Shinnosuke Ogasawara,120,Washington Nationals,27,23,0,0,0,0,1,0,0,0.0,1,0.0,0.0,0.0,0,1,0,0
